2025-11-03 20:29:04,483 - logger - INFO - ScanLogger initialized
2025-11-03 20:29:04,483 - prng_reconstructor - INFO - PRNG Reconstructor initialized: mode=test, seed_space=1,048,576
2025-11-03 20:29:04,483 - validator - INFO - Validator initialized in TESTNET-ONLY mode
2025-11-03 20:29:04,483 - __main__ - INFO - WeakKeyScanner initialized
2025-11-03 20:29:04,483 - __main__ - INFO - Mode: test
2025-11-03 20:29:04,483 - __main__ - INFO - Network: testnet
2025-11-03 20:29:04,483 - __main__ - INFO - ======================================================================
2025-11-03 20:29:04,483 - __main__ - INFO - BITCOIN WEAK KEY SCANNER - STARTING FULL SCAN
2025-11-03 20:29:04,483 - __main__ - INFO - ======================================================================
2025-11-03 20:29:04,484 - __main__ - INFO - Target addresses: 100
2025-11-03 20:29:04,484 - __main__ - INFO - Network: testnet
2025-11-03 20:29:04,484 - __main__ - INFO - Mode: test
2025-11-03 20:29:04,484 - logger - INFO - {"timestamp": "2025-11-03T20:29:04.484118", "event_type": "scan_start", "data": {"target_address_count": 100, "config": {"mode": "test", "seed_space": 1048576, "parallel_workers": 2}, "network": "testnet"}}
2025-11-03 20:29:04,484 - __main__ - INFO - 
======================================================================
2025-11-03 20:29:04,484 - __main__ - INFO - STAGE 1: ADDRESS COLLECTION
2025-11-03 20:29:04,484 - __main__ - INFO - ======================================================================
2025-11-03 20:29:04,484 - __main__ - INFO - Starting address collection: target=100
2025-11-03 20:29:04,484 - address_collector - INFO - Starting address collection stream (target: 100)
2025-11-03 20:29:06,543 - address_collector - WARNING - API request failed: Extra data: line 1 column 2 (char 1)
2025-11-03 20:29:06,543 - address_collector - INFO - Retrying in 2 seconds... (attempt 1/3)
2025-11-03 20:29:08,603 - address_collector - WARNING - API request failed: Extra data: line 1 column 2 (char 1)
2025-11-03 20:29:08,603 - address_collector - INFO - Retrying in 4 seconds... (attempt 2/3)
2025-11-03 20:29:12,661 - address_collector - WARNING - API request failed: Extra data: line 1 column 2 (char 1)
2025-11-03 20:29:12,662 - address_collector - INFO - Retrying in 8 seconds... (attempt 3/3)
2025-11-03 20:29:20,725 - address_collector - WARNING - API request failed: Extra data: line 1 column 2 (char 1)
2025-11-03 20:29:20,725 - address_collector - ERROR - API request failed after 3 attempts
2025-11-03 20:29:22,727 - address_collector - WARNING - API request failed: Extra data: line 1 column 2 (char 1)
2025-11-03 20:29:22,727 - address_collector - INFO - Retrying in 2 seconds... (attempt 1/3)
2025-11-03 20:29:24,784 - address_collector - WARNING - API request failed: Extra data: line 1 column 2 (char 1)
2025-11-03 20:29:24,784 - address_collector - INFO - Retrying in 4 seconds... (attempt 2/3)
2025-11-03 20:29:28,844 - address_collector - WARNING - API request failed: Extra data: line 1 column 2 (char 1)
2025-11-03 20:29:28,845 - address_collector - INFO - Retrying in 8 seconds... (attempt 3/3)
2025-11-03 20:29:36,907 - address_collector - WARNING - API request failed: Extra data: line 1 column 2 (char 1)
2025-11-03 20:29:36,907 - address_collector - ERROR - API request failed after 3 attempts
2025-11-03 20:29:38,910 - address_collector - WARNING - API request failed: Extra data: line 1 column 2 (char 1)
2025-11-03 20:29:38,910 - address_collector - INFO - Retrying in 2 seconds... (attempt 1/3)
2025-11-03 20:29:40,966 - address_collector - WARNING - API request failed: Extra data: line 1 column 2 (char 1)
2025-11-03 20:29:40,966 - address_collector - INFO - Retrying in 4 seconds... (attempt 2/3)
2025-11-03 20:29:45,029 - address_collector - WARNING - API request failed: Extra data: line 1 column 2 (char 1)
2025-11-03 20:29:45,029 - address_collector - INFO - Retrying in 8 seconds... (attempt 3/3)
2025-11-03 20:29:53,093 - address_collector - WARNING - API request failed: Extra data: line 1 column 2 (char 1)
2025-11-03 20:29:53,093 - address_collector - ERROR - API request failed after 3 attempts
2025-11-03 20:29:55,095 - address_collector - WARNING - API request failed: Extra data: line 1 column 2 (char 1)
2025-11-03 20:29:55,096 - address_collector - INFO - Retrying in 2 seconds... (attempt 1/3)
2025-11-03 20:29:57,155 - address_collector - WARNING - API request failed: Extra data: line 1 column 2 (char 1)
2025-11-03 20:29:57,155 - address_collector - INFO - Retrying in 4 seconds... (attempt 2/3)
2025-11-03 20:30:01,214 - address_collector - WARNING - API request failed: Extra data: line 1 column 2 (char 1)
2025-11-03 20:30:01,214 - address_collector - INFO - Retrying in 8 seconds... (attempt 3/3)
2025-11-03 20:30:09,278 - address_collector - WARNING - API request failed: Extra data: line 1 column 2 (char 1)
2025-11-03 20:30:09,278 - address_collector - ERROR - API request failed after 3 attempts
2025-11-03 20:30:11,283 - address_collector - WARNING - API request failed: Extra data: line 1 column 2 (char 1)
2025-11-03 20:30:11,283 - address_collector - INFO - Retrying in 2 seconds... (attempt 1/3)
2025-11-03 20:30:13,339 - address_collector - WARNING - API request failed: Extra data: line 1 column 2 (char 1)
2025-11-03 20:30:13,339 - address_collector - INFO - Retrying in 4 seconds... (attempt 2/3)
2025-11-03 20:30:17,400 - address_collector - WARNING - API request failed: Extra data: line 1 column 2 (char 1)
2025-11-03 20:30:17,400 - address_collector - INFO - Retrying in 8 seconds... (attempt 3/3)
2025-11-03 20:30:25,464 - address_collector - WARNING - API request failed: Extra data: line 1 column 2 (char 1)
2025-11-03 20:30:25,464 - address_collector - ERROR - API request failed after 3 attempts
2025-11-03 20:30:27,467 - address_collector - WARNING - API request failed: Extra data: line 1 column 2 (char 1)
2025-11-03 20:30:27,467 - address_collector - INFO - Retrying in 2 seconds... (attempt 1/3)
2025-11-03 20:30:29,523 - address_collector - WARNING - API request failed: Extra data: line 1 column 2 (char 1)
2025-11-03 20:30:29,523 - address_collector - INFO - Retrying in 4 seconds... (attempt 2/3)
2025-11-03 20:30:33,607 - address_collector - WARNING - API request failed: Extra data: line 1 column 2 (char 1)
2025-11-03 20:30:33,607 - address_collector - INFO - Retrying in 8 seconds... (attempt 3/3)
2025-11-03 20:30:41,670 - address_collector - WARNING - API request failed: Extra data: line 1 column 2 (char 1)
2025-11-03 20:30:41,670 - address_collector - ERROR - API request failed after 3 attempts
2025-11-03 20:30:43,671 - address_collector - WARNING - API request failed: Extra data: line 1 column 2 (char 1)
2025-11-03 20:30:43,672 - address_collector - INFO - Retrying in 2 seconds... (attempt 1/3)
2025-11-03 20:30:45,728 - address_collector - WARNING - API request failed: Extra data: line 1 column 2 (char 1)
2025-11-03 20:30:45,728 - address_collector - INFO - Retrying in 4 seconds... (attempt 2/3)
2025-11-03 20:30:49,789 - address_collector - WARNING - API request failed: Extra data: line 1 column 2 (char 1)
2025-11-03 20:30:49,789 - address_collector - INFO - Retrying in 8 seconds... (attempt 3/3)
2025-11-03 20:30:57,851 - address_collector - WARNING - API request failed: Extra data: line 1 column 2 (char 1)
2025-11-03 20:30:57,851 - address_collector - ERROR - API request failed after 3 attempts
2025-11-03 20:30:59,857 - address_collector - WARNING - API request failed: Extra data: line 1 column 2 (char 1)
2025-11-03 20:30:59,857 - address_collector - INFO - Retrying in 2 seconds... (attempt 1/3)
2025-11-03 20:31:01,914 - address_collector - WARNING - API request failed: Extra data: line 1 column 2 (char 1)
2025-11-03 20:31:01,914 - address_collector - INFO - Retrying in 4 seconds... (attempt 2/3)
2025-11-03 20:31:05,970 - address_collector - WARNING - API request failed: Extra data: line 1 column 2 (char 1)
2025-11-03 20:31:05,971 - address_collector - INFO - Retrying in 8 seconds... (attempt 3/3)
2025-11-03 20:31:14,035 - address_collector - WARNING - API request failed: Extra data: line 1 column 2 (char 1)
2025-11-03 20:31:14,035 - address_collector - ERROR - API request failed after 3 attempts
2025-11-03 20:31:16,037 - address_collector - WARNING - API request failed: Extra data: line 1 column 2 (char 1)
2025-11-03 20:31:16,037 - address_collector - INFO - Retrying in 2 seconds... (attempt 1/3)
2025-11-03 20:31:18,093 - address_collector - WARNING - API request failed: Extra data: line 1 column 2 (char 1)
2025-11-03 20:31:18,093 - address_collector - INFO - Retrying in 4 seconds... (attempt 2/3)
2025-11-03 20:31:22,171 - address_collector - WARNING - API request failed: Extra data: line 1 column 2 (char 1)
2025-11-03 20:31:22,171 - address_collector - INFO - Retrying in 8 seconds... (attempt 3/3)
2025-11-03 20:31:30,235 - address_collector - WARNING - API request failed: Extra data: line 1 column 2 (char 1)
2025-11-03 20:31:30,235 - address_collector - ERROR - API request failed after 3 attempts
2025-11-03 20:31:32,239 - address_collector - WARNING - API request failed: Extra data: line 1 column 2 (char 1)
2025-11-03 20:31:32,239 - address_collector - INFO - Retrying in 2 seconds... (attempt 1/3)
2025-11-03 20:31:34,298 - address_collector - WARNING - API request failed: Extra data: line 1 column 2 (char 1)
2025-11-03 20:31:34,298 - address_collector - INFO - Retrying in 4 seconds... (attempt 2/3)
2025-11-03 20:31:38,357 - address_collector - WARNING - API request failed: Extra data: line 1 column 2 (char 1)
2025-11-03 20:31:38,357 - address_collector - INFO - Retrying in 8 seconds... (attempt 3/3)
2025-11-03 20:31:43,112 - __main__ - INFO - Received signal 2, initiating graceful shutdown...
2025-11-03 20:31:43,112 - __main__ - INFO - Checkpoint saved: ./checkpoint.json
2025-11-03 20:31:43,112 - logger - INFO - {"timestamp": "2025-11-03T20:31:43.112526", "event_type": "checkpoint_saved", "data": {"addresses_processed": 0, "weak_found": 0}}
2025-11-03 20:31:43,112 - __main__ - INFO - Checkpoint saved: ./checkpoint.json
2025-11-03 20:31:43,112 - logger - INFO - {"timestamp": "2025-11-03T20:31:43.112807", "event_type": "checkpoint_saved", "data": {"addresses_processed": 0, "weak_found": 0}}
2025-11-03 20:34:07,940 - logger - INFO - ScanLogger initialized
2025-11-03 20:34:07,940 - prng_reconstructor - INFO - PRNG Reconstructor initialized: mode=test, seed_space=1,048,576
2025-11-03 20:34:07,940 - validator - INFO - Validator initialized in TESTNET-ONLY mode
2025-11-03 20:34:07,940 - __main__ - INFO - WeakKeyScanner initialized
2025-11-03 20:34:07,940 - __main__ - INFO - Mode: test
2025-11-03 20:34:07,941 - __main__ - INFO - Network: testnet
2025-11-03 20:34:07,941 - __main__ - INFO - ======================================================================
2025-11-03 20:34:07,941 - __main__ - INFO - BITCOIN WEAK KEY SCANNER - STARTING FULL SCAN
2025-11-03 20:34:07,941 - __main__ - INFO - ======================================================================
2025-11-03 20:34:07,941 - __main__ - INFO - Target addresses: 100
2025-11-03 20:34:07,941 - __main__ - INFO - Network: testnet
2025-11-03 20:34:07,941 - __main__ - INFO - Mode: test
2025-11-03 20:34:07,941 - logger - INFO - {"timestamp": "2025-11-03T20:34:07.941319", "event_type": "scan_start", "data": {"target_address_count": 100, "config": {"mode": "test", "seed_space": 1048576, "parallel_workers": 2}, "network": "testnet"}}
2025-11-03 20:34:07,941 - __main__ - INFO - Checkpoint loaded: ./checkpoint.json
2025-11-03 20:34:07,941 - __main__ - INFO - Resumed from checkpoint: 0 addresses already processed
2025-11-03 20:34:07,941 - __main__ - INFO - Resuming from checkpoint
2025-11-03 20:34:07,941 - __main__ - INFO - 
======================================================================
2025-11-03 20:34:07,941 - __main__ - INFO - STAGE 1: ADDRESS COLLECTION
2025-11-03 20:34:07,941 - __main__ - INFO - ======================================================================
2025-11-03 20:34:07,941 - __main__ - INFO - Starting address collection: target=100
2025-11-03 20:34:07,941 - address_collector - INFO - Starting address collection stream (target: 100)
2025-11-03 20:34:08,018 - address_collector - INFO - Retrieved 10 recent blocks
2025-11-03 20:34:08,019 - address_collector - INFO - Processing block 4750533: 00000000000833a8...
2025-11-03 20:34:09,999 - address_collector - INFO - Block 4750533 has 7 transactions
2025-11-03 20:34:12,001 - __main__ - ERROR - Scan failed with exception: argument of type 'NoneType' is not iterable
Traceback (most recent call last):
  File "/home/ubuntu/bitcoin-weak-key-scanner/src/main.py", line 340, in run_full_scan
    new_addresses = self.collect_addresses(num_addresses)
  File "/home/ubuntu/bitcoin-weak-key-scanner/src/main.py", line 187, in collect_addresses
    for addr_data in self.address_collector.collect_addresses_stream(target_count):
  File "/home/ubuntu/bitcoin-weak-key-scanner/src/address_collector.py", line 259, in collect_addresses_stream
    addresses = self.get_transaction_addresses(tx_id)
  File "/home/ubuntu/bitcoin-weak-key-scanner/src/address_collector.py", line 199, in get_transaction_addresses
    if 'prevout' in vin and 'scriptpubkey_address' in vin['prevout']:
TypeError: argument of type 'NoneType' is not iterable
2025-11-03 20:34:12,001 - logger - INFO - {"timestamp": "2025-11-03T20:34:12.001860", "event_type": "error", "data": {"error_type": "scan_exception", "message": "argument of type 'NoneType' is not iterable", "context": {"stage": "unknown"}}}
2025-11-03 20:34:12,001 - logger - ERROR - scan_exception: argument of type 'NoneType' is not iterable
2025-11-03 20:34:12,002 - __main__ - INFO - Checkpoint saved: ./checkpoint.json
2025-11-03 20:34:12,002 - logger - INFO - {"timestamp": "2025-11-03T20:34:12.002196", "event_type": "checkpoint_saved", "data": {"addresses_processed": 0, "weak_found": 0}}
2025-11-03 20:34:12,003 - __main__ - INFO - Checkpoint saved: ./checkpoint.json
2025-11-03 20:34:12,003 - logger - INFO - {"timestamp": "2025-11-03T20:34:12.003154", "event_type": "checkpoint_saved", "data": {"addresses_processed": 0, "weak_found": 0}}
2025-11-03 20:35:03,467 - logger - INFO - ScanLogger initialized
2025-11-03 20:35:03,467 - prng_reconstructor - INFO - PRNG Reconstructor initialized: mode=test, seed_space=1,048,576
2025-11-03 20:35:03,467 - validator - INFO - Validator initialized in TESTNET-ONLY mode
2025-11-03 20:35:03,467 - __main__ - INFO - WeakKeyScanner initialized
2025-11-03 20:35:03,467 - __main__ - INFO - Mode: test
2025-11-03 20:35:03,467 - __main__ - INFO - Network: testnet
2025-11-03 20:35:03,468 - __main__ - INFO - ======================================================================
2025-11-03 20:35:03,468 - __main__ - INFO - BITCOIN WEAK KEY SCANNER - STARTING FULL SCAN
2025-11-03 20:35:03,468 - __main__ - INFO - ======================================================================
2025-11-03 20:35:03,468 - __main__ - INFO - Target addresses: 100
2025-11-03 20:35:03,468 - __main__ - INFO - Network: testnet
2025-11-03 20:35:03,468 - __main__ - INFO - Mode: test
2025-11-03 20:35:03,468 - logger - INFO - {"timestamp": "2025-11-03T20:35:03.468284", "event_type": "scan_start", "data": {"target_address_count": 100, "config": {"mode": "test", "seed_space": 1048576, "parallel_workers": 2}, "network": "testnet"}}
2025-11-03 20:35:03,468 - __main__ - INFO - Checkpoint loaded: ./checkpoint.json
2025-11-03 20:35:03,468 - __main__ - INFO - Resumed from checkpoint: 0 addresses already processed
2025-11-03 20:35:03,468 - __main__ - INFO - Resuming from checkpoint
2025-11-03 20:35:03,468 - __main__ - INFO - 
======================================================================
2025-11-03 20:35:03,468 - __main__ - INFO - STAGE 1: ADDRESS COLLECTION
2025-11-03 20:35:03,468 - __main__ - INFO - ======================================================================
2025-11-03 20:35:03,468 - __main__ - INFO - Starting address collection: target=100
2025-11-03 20:35:03,468 - address_collector - INFO - Starting address collection stream (target: 100)
2025-11-03 20:35:03,526 - address_collector - INFO - Retrieved 10 recent blocks
2025-11-03 20:35:03,526 - address_collector - INFO - Processing block 4750533: 00000000000833a8...
2025-11-03 20:35:05,527 - address_collector - INFO - Block 4750533 has 7 transactions
2025-11-03 20:35:07,529 - logger - INFO - {"timestamp": "2025-11-03T20:35:07.528974", "event_type": "address_collected", "data": {"address": "mp52VHqmkNgzzuuM9Fcc6uXrrzH4SvL3Yx", "block_height": 4750533, "block_hash": "00000000000833a80bca5e3d618793e104155546ce3b7be88735e70703d311ea", "transaction": "5dd64dea306a404539926b91d4445626eb6575e6279bfffb135ac753cc7a40bd", "collected_at": "2025-11-03T20:35:07.528954"}}
2025-11-03 20:35:09,534 - logger - INFO - {"timestamp": "2025-11-03T20:35:09.534940", "event_type": "address_collected", "data": {"address": "tb1qf9386ynqyz9cek685qn483dx9u2nsezf4fug2r", "block_height": 4750533, "block_hash": "00000000000833a80bca5e3d618793e104155546ce3b7be88735e70703d311ea", "transaction": "fa7cde46b62e5369216455f64d13c4b4283fe95e60cc731664c8515b0a88cb12", "collected_at": "2025-11-03T20:35:09.534920"}}
2025-11-03 20:35:09,535 - logger - INFO - {"timestamp": "2025-11-03T20:35:09.535366", "event_type": "address_collected", "data": {"address": "tb1qpw693a6l8yvp25n88gz3hjwr5pq3lfpnfdersa", "block_height": 4750533, "block_hash": "00000000000833a80bca5e3d618793e104155546ce3b7be88735e70703d311ea", "transaction": "fa7cde46b62e5369216455f64d13c4b4283fe95e60cc731664c8515b0a88cb12", "collected_at": "2025-11-03T20:35:09.535360"}}
2025-11-03 20:35:11,535 - logger - INFO - {"timestamp": "2025-11-03T20:35:11.535359", "event_type": "address_collected", "data": {"address": "tb1q9hgyvdu3px95md89qh89my2gatg7jhtqsp8uj3", "block_height": 4750533, "block_hash": "00000000000833a80bca5e3d618793e104155546ce3b7be88735e70703d311ea", "transaction": "1cadcca5ae10f2643ef64e1adb0d578e2235374dd3a68798c4638eedd764020f", "collected_at": "2025-11-03T20:35:11.535340"}}
2025-11-03 20:35:11,535 - logger - INFO - {"timestamp": "2025-11-03T20:35:11.535788", "event_type": "address_collected", "data": {"address": "tb1qmf5pdg29guzvm5pngqmawfywdf357tjh85vs2a", "block_height": 4750533, "block_hash": "00000000000833a80bca5e3d618793e104155546ce3b7be88735e70703d311ea", "transaction": "1cadcca5ae10f2643ef64e1adb0d578e2235374dd3a68798c4638eedd764020f", "collected_at": "2025-11-03T20:35:11.535781"}}
2025-11-03 20:35:15,546 - logger - INFO - {"timestamp": "2025-11-03T20:35:15.546708", "event_type": "address_collected", "data": {"address": "tb1p8qh68rvq2aq4qswq0mu2unv2nzf5serfs4rvd4a77yhnqn00khssscgwqs", "block_height": 4750533, "block_hash": "00000000000833a80bca5e3d618793e104155546ce3b7be88735e70703d311ea", "transaction": "a07604e85dc495f13b18184be30eae22a9ecb421d029757cc70f6d71d501e079", "collected_at": "2025-11-03T20:35:15.546688"}}
2025-11-03 20:35:15,547 - logger - INFO - {"timestamp": "2025-11-03T20:35:15.547144", "event_type": "address_collected", "data": {"address": "tb1pw2hn68wgx9nqhq9nhq35h8pthkxnv4afp9klzka9mrhf9cjg2jxqawcvhx", "block_height": 4750533, "block_hash": "00000000000833a80bca5e3d618793e104155546ce3b7be88735e70703d311ea", "transaction": "a07604e85dc495f13b18184be30eae22a9ecb421d029757cc70f6d71d501e079", "collected_at": "2025-11-03T20:35:15.547140"}}
2025-11-03 20:35:15,547 - logger - INFO - {"timestamp": "2025-11-03T20:35:15.547209", "event_type": "address_collected", "data": {"address": "tb1p7y86tuw2p6vle767dacvde72n4a8r7nljekqm9zxy6gnmzy6xrnq5dkqdq", "block_height": 4750533, "block_hash": "00000000000833a80bca5e3d618793e104155546ce3b7be88735e70703d311ea", "transaction": "a07604e85dc495f13b18184be30eae22a9ecb421d029757cc70f6d71d501e079", "collected_at": "2025-11-03T20:35:15.547206"}}
2025-11-03 20:35:17,545 - logger - INFO - {"timestamp": "2025-11-03T20:35:17.545602", "event_type": "address_collected", "data": {"address": "tb1qashx6f8kw29fq5rwcnpuzh5aufu24xquevdk7y", "block_height": 4750533, "block_hash": "00000000000833a80bca5e3d618793e104155546ce3b7be88735e70703d311ea", "transaction": "4ceddc337a00362bae712c3d15f252d46c82088f6f708228083dcfb7e60ab53e", "collected_at": "2025-11-03T20:35:17.545581"}}
2025-11-03 20:35:17,546 - logger - INFO - {"timestamp": "2025-11-03T20:35:17.545988", "event_type": "address_collected", "data": {"address": "tb1qwzac060kz4wyczdvl46sp9nrtp60cgp4x9gewm", "block_height": 4750533, "block_hash": "00000000000833a80bca5e3d618793e104155546ce3b7be88735e70703d311ea", "transaction": "4ceddc337a00362bae712c3d15f252d46c82088f6f708228083dcfb7e60ab53e", "collected_at": "2025-11-03T20:35:17.545984"}}
2025-11-03 20:35:17,546 - address_collector - INFO - Collection progress: 10/100 addresses
2025-11-03 20:35:17,546 - logger - INFO - {"timestamp": "2025-11-03T20:35:17.546103", "event_type": "address_collected", "data": {"address": "tb1qkpds9027dv2yuuvuf67kd7ud9t9z47vx4esaje", "block_height": 4750533, "block_hash": "00000000000833a80bca5e3d618793e104155546ce3b7be88735e70703d311ea", "transaction": "4ceddc337a00362bae712c3d15f252d46c82088f6f708228083dcfb7e60ab53e", "collected_at": "2025-11-03T20:35:17.546101"}}
2025-11-03 20:35:19,541 - logger - INFO - {"timestamp": "2025-11-03T20:35:19.541904", "event_type": "address_collected", "data": {"address": "tb1q2thl5qjx5cdyge4snq5f9xyheup5zuc4egxlcx", "block_height": 4750533, "block_hash": "00000000000833a80bca5e3d618793e104155546ce3b7be88735e70703d311ea", "transaction": "809496f2f86470e111bbe433488fdc2c29bb2828db11a0359996454cc6501ee2", "collected_at": "2025-11-03T20:35:19.541885"}}
2025-11-03 20:35:19,542 - logger - INFO - {"timestamp": "2025-11-03T20:35:19.542097", "event_type": "address_collected", "data": {"address": "tb1q77hz5gj0050k5p4vsx9dgy368fhamakdr22n5h", "block_height": 4750533, "block_hash": "00000000000833a80bca5e3d618793e104155546ce3b7be88735e70703d311ea", "transaction": "809496f2f86470e111bbe433488fdc2c29bb2828db11a0359996454cc6501ee2", "collected_at": "2025-11-03T20:35:19.542093"}}
2025-11-03 20:35:19,542 - logger - INFO - {"timestamp": "2025-11-03T20:35:19.542148", "event_type": "address_collected", "data": {"address": "tb1qjmdk4y55ftn47wvhwdlhuf99pjf95zcxy2n7rq", "block_height": 4750533, "block_hash": "00000000000833a80bca5e3d618793e104155546ce3b7be88735e70703d311ea", "transaction": "809496f2f86470e111bbe433488fdc2c29bb2828db11a0359996454cc6501ee2", "collected_at": "2025-11-03T20:35:19.542145"}}
2025-11-03 20:35:19,542 - address_collector - INFO - Processing block 4750532: 00000000000f1172...
2025-11-03 20:35:21,541 - address_collector - INFO - Block 4750532 has 8 transactions
2025-11-03 20:35:25,549 - logger - INFO - {"timestamp": "2025-11-03T20:35:25.549756", "event_type": "address_collected", "data": {"address": "tb1qqws3aatj6jz2nz8d7zefwmtmcccx4umlc5ygr7", "block_height": 4750532, "block_hash": "00000000000f1172f88eb08fe2102ac3ea5ef18815040098258d05b71558d925", "transaction": "9b263ba59d31c7f9f7471f3c40ca6371a31ba6f719a1b6b316ca08780bdfb174", "collected_at": "2025-11-03T20:35:25.549738"}}
2025-11-03 20:35:25,550 - logger - INFO - {"timestamp": "2025-11-03T20:35:25.550140", "event_type": "address_collected", "data": {"address": "mxpYha3UJKUgSwsAz2qYRqaDSwAkKZ3YEY", "block_height": 4750532, "block_hash": "00000000000f1172f88eb08fe2102ac3ea5ef18815040098258d05b71558d925", "transaction": "9b263ba59d31c7f9f7471f3c40ca6371a31ba6f719a1b6b316ca08780bdfb174", "collected_at": "2025-11-03T20:35:25.550136"}}
2025-11-03 20:35:27,549 - logger - INFO - {"timestamp": "2025-11-03T20:35:27.549024", "event_type": "address_collected", "data": {"address": "tb1pd94k6956rdcfhckz4rqdlnt0p8nllhuwe5jad7psev4he9p50l9qpfrapr", "block_height": 4750532, "block_hash": "00000000000f1172f88eb08fe2102ac3ea5ef18815040098258d05b71558d925", "transaction": "378997483240137b56dae7207ec09a5440e64629865cba50217dc34bcbe528d9", "collected_at": "2025-11-03T20:35:27.549004"}}
2025-11-03 20:35:27,549 - logger - INFO - {"timestamp": "2025-11-03T20:35:27.549524", "event_type": "address_collected", "data": {"address": "tb1qp8z86v0y78pv58ht8y4a7yqxf28096dlcqwhku", "block_height": 4750532, "block_hash": "00000000000f1172f88eb08fe2102ac3ea5ef18815040098258d05b71558d925", "transaction": "378997483240137b56dae7207ec09a5440e64629865cba50217dc34bcbe528d9", "collected_at": "2025-11-03T20:35:27.549514"}}
2025-11-03 20:35:29,551 - logger - INFO - {"timestamp": "2025-11-03T20:35:29.551678", "event_type": "address_collected", "data": {"address": "tb1qmrl32zy2532pxxpd5vkwehkaa842vwhmfwcqyv", "block_height": 4750532, "block_hash": "00000000000f1172f88eb08fe2102ac3ea5ef18815040098258d05b71558d925", "transaction": "c4c163fdfe8ecb5590b757966a19760ef3a096051dd1923d661f1f50492b5ee7", "collected_at": "2025-11-03T20:35:29.551659"}}
2025-11-03 20:35:29,551 - logger - INFO - {"timestamp": "2025-11-03T20:35:29.551943", "event_type": "address_collected", "data": {"address": "tb1qpv9ff0vgjrvy0c2lkhmtx69y57ddaxvjazkcum", "block_height": 4750532, "block_hash": "00000000000f1172f88eb08fe2102ac3ea5ef18815040098258d05b71558d925", "transaction": "c4c163fdfe8ecb5590b757966a19760ef3a096051dd1923d661f1f50492b5ee7", "collected_at": "2025-11-03T20:35:29.551939"}}
2025-11-03 20:35:29,552 - address_collector - INFO - Collection progress: 20/100 addresses
2025-11-03 20:35:31,557 - logger - INFO - {"timestamp": "2025-11-03T20:35:31.557401", "event_type": "address_collected", "data": {"address": "2MspywMNAT7N4tK2rBgcKt3QRAXWax66ahU", "block_height": 4750532, "block_hash": "00000000000f1172f88eb08fe2102ac3ea5ef18815040098258d05b71558d925", "transaction": "3fe20f7225d52f657410790c6d983afd1b851fc36436a06f6c39a731b23026ba", "collected_at": "2025-11-03T20:35:31.557383"}}
2025-11-03 20:35:31,557 - logger - INFO - {"timestamp": "2025-11-03T20:35:31.557825", "event_type": "address_collected", "data": {"address": "2NB83EMWf8A3SaWbVEyEQBBFSR322ixcgfE", "block_height": 4750532, "block_hash": "00000000000f1172f88eb08fe2102ac3ea5ef18815040098258d05b71558d925", "transaction": "3fe20f7225d52f657410790c6d983afd1b851fc36436a06f6c39a731b23026ba", "collected_at": "2025-11-03T20:35:31.557821"}}
2025-11-03 20:35:31,557 - logger - INFO - {"timestamp": "2025-11-03T20:35:31.557889", "event_type": "address_collected", "data": {"address": "2N1sd8fZZ4CHDkyu1EzTDujgjA6SMHY552Z", "block_height": 4750532, "block_hash": "00000000000f1172f88eb08fe2102ac3ea5ef18815040098258d05b71558d925", "transaction": "3fe20f7225d52f657410790c6d983afd1b851fc36436a06f6c39a731b23026ba", "collected_at": "2025-11-03T20:35:31.557886"}}
2025-11-03 20:35:37,559 - logger - INFO - {"timestamp": "2025-11-03T20:35:37.559913", "event_type": "address_collected", "data": {"address": "tb1qj8pxqh8suqx334q5l2v2ukdsc4vx2z02q5h9c4", "block_height": 4750532, "block_hash": "00000000000f1172f88eb08fe2102ac3ea5ef18815040098258d05b71558d925", "transaction": "cf542f29e62238374c70dbec9d0ca8ad8bf418e1fd9655d7abbf0560fc1fec26", "collected_at": "2025-11-03T20:35:37.559894"}}
2025-11-03 20:35:37,560 - logger - INFO - {"timestamp": "2025-11-03T20:35:37.560179", "event_type": "address_collected", "data": {"address": "tb1qa8slzy0yr8xm0x83fev0ygw552cfgu47k269ur", "block_height": 4750532, "block_hash": "00000000000f1172f88eb08fe2102ac3ea5ef18815040098258d05b71558d925", "transaction": "cf542f29e62238374c70dbec9d0ca8ad8bf418e1fd9655d7abbf0560fc1fec26", "collected_at": "2025-11-03T20:35:37.560175"}}
2025-11-03 20:35:37,560 - address_collector - INFO - Processing block 4750531: 00000000ac0f7209...
2025-11-03 20:35:39,561 - address_collector - INFO - Block 4750531 has 14 transactions
2025-11-03 20:35:43,567 - logger - INFO - {"timestamp": "2025-11-03T20:35:43.567009", "event_type": "address_collected", "data": {"address": "tb1q4qkrnwpyqwmnckgjyzmq9zp2s9gvqzggt6pd3d", "block_height": 4750531, "block_hash": "00000000ac0f720986a566aba1a7ba34ed4a5fada6b67b622fe40b7f27b2d5ac", "transaction": "e393a2349fa241e998ee631c5db9d20369e607de396d824478f6ae06f75900a3", "collected_at": "2025-11-03T20:35:43.566990"}}
2025-11-03 20:35:43,567 - logger - INFO - {"timestamp": "2025-11-03T20:35:43.567408", "event_type": "address_collected", "data": {"address": "tb1qrgu7sp6twm99c7p8yw0328wjn43vp2nhe2thap", "block_height": 4750531, "block_hash": "00000000ac0f720986a566aba1a7ba34ed4a5fada6b67b622fe40b7f27b2d5ac", "transaction": "e393a2349fa241e998ee631c5db9d20369e607de396d824478f6ae06f75900a3", "collected_at": "2025-11-03T20:35:43.567404"}}
2025-11-03 20:35:43,567 - logger - INFO - {"timestamp": "2025-11-03T20:35:43.567468", "event_type": "address_collected", "data": {"address": "tb1q9w8tzexv8477gh3wfsyg2tmjfxcrncn3zp4v9p", "block_height": 4750531, "block_hash": "00000000ac0f720986a566aba1a7ba34ed4a5fada6b67b622fe40b7f27b2d5ac", "transaction": "e393a2349fa241e998ee631c5db9d20369e607de396d824478f6ae06f75900a3", "collected_at": "2025-11-03T20:35:43.567466"}}
2025-11-03 20:35:47,571 - logger - INFO - {"timestamp": "2025-11-03T20:35:47.571211", "event_type": "address_collected", "data": {"address": "tb1qpy0g9wu70vvfeyg7c6ejvjlfnm6wmuvma4fuld", "block_height": 4750531, "block_hash": "00000000ac0f720986a566aba1a7ba34ed4a5fada6b67b622fe40b7f27b2d5ac", "transaction": "ae9a8e552f3bb6aeedb8e8163d40f83ef52002158ff34548c84e811b47fc7a90", "collected_at": "2025-11-03T20:35:47.571193"}}
2025-11-03 20:35:47,571 - logger - INFO - {"timestamp": "2025-11-03T20:35:47.571663", "event_type": "address_collected", "data": {"address": "tb1qk652gmyh7hupyw3f90fcs8e8tr735lt78us4xd", "block_height": 4750531, "block_hash": "00000000ac0f720986a566aba1a7ba34ed4a5fada6b67b622fe40b7f27b2d5ac", "transaction": "ae9a8e552f3bb6aeedb8e8163d40f83ef52002158ff34548c84e811b47fc7a90", "collected_at": "2025-11-03T20:35:47.571658"}}
2025-11-03 20:35:47,571 - address_collector - INFO - Collection progress: 30/100 addresses
2025-11-03 20:35:49,574 - logger - INFO - {"timestamp": "2025-11-03T20:35:49.574210", "event_type": "address_collected", "data": {"address": "tb1qpawrsvmey5vgczg8rk9eg362mezpqtwtxl3e3u", "block_height": 4750531, "block_hash": "00000000ac0f720986a566aba1a7ba34ed4a5fada6b67b622fe40b7f27b2d5ac", "transaction": "914b5607ea8a323f89ae3983e85458a68c23cf63ce08e1e51c3f0f12d385f605", "collected_at": "2025-11-03T20:35:49.574190"}}
2025-11-03 20:35:49,574 - logger - INFO - {"timestamp": "2025-11-03T20:35:49.574679", "event_type": "address_collected", "data": {"address": "tb1qj76gvqnvn6amdyr755uf67v3jzv982rmmjxy2u", "block_height": 4750531, "block_hash": "00000000ac0f720986a566aba1a7ba34ed4a5fada6b67b622fe40b7f27b2d5ac", "transaction": "914b5607ea8a323f89ae3983e85458a68c23cf63ce08e1e51c3f0f12d385f605", "collected_at": "2025-11-03T20:35:49.574675"}}
2025-11-03 20:35:49,574 - logger - INFO - {"timestamp": "2025-11-03T20:35:49.574747", "event_type": "address_collected", "data": {"address": "tb1qjhnn96vdjczf3qs92vm8skngnkrjnrmuthg6zx", "block_height": 4750531, "block_hash": "00000000ac0f720986a566aba1a7ba34ed4a5fada6b67b622fe40b7f27b2d5ac", "transaction": "914b5607ea8a323f89ae3983e85458a68c23cf63ce08e1e51c3f0f12d385f605", "collected_at": "2025-11-03T20:35:49.574744"}}
2025-11-03 20:35:55,578 - logger - INFO - {"timestamp": "2025-11-03T20:35:55.578639", "event_type": "address_collected", "data": {"address": "2NENU9eA76LcjhyNpV7wTKWVsaHybBP6qjF", "block_height": 4750531, "block_hash": "00000000ac0f720986a566aba1a7ba34ed4a5fada6b67b622fe40b7f27b2d5ac", "transaction": "13e947318dcdc11d58ee3e77383ec46a1bc8ef0e8afade190d675d1a8fd642da", "collected_at": "2025-11-03T20:35:55.578620"}}
2025-11-03 20:35:55,579 - logger - INFO - {"timestamp": "2025-11-03T20:35:55.579084", "event_type": "address_collected", "data": {"address": "2N5wGopS2U5kBZwQ1RNP2nDHbxPJoJAnJDc", "block_height": 4750531, "block_hash": "00000000ac0f720986a566aba1a7ba34ed4a5fada6b67b622fe40b7f27b2d5ac", "transaction": "13e947318dcdc11d58ee3e77383ec46a1bc8ef0e8afade190d675d1a8fd642da", "collected_at": "2025-11-03T20:35:55.579079"}}
2025-11-03 20:35:57,580 - logger - INFO - {"timestamp": "2025-11-03T20:35:57.580364", "event_type": "address_collected", "data": {"address": "tb1pc8lqu9l3thvwl4f83zws89xwulafxgleepdm9lk4x6nk584u6axqfvhkyk", "block_height": 4750531, "block_hash": "00000000ac0f720986a566aba1a7ba34ed4a5fada6b67b622fe40b7f27b2d5ac", "transaction": "76f7ed01c3be90d8c8ede32884ae4c36d5c398cffbd2be180f21e75d22216078", "collected_at": "2025-11-03T20:35:57.580345"}}
2025-11-03 20:35:57,580 - logger - INFO - {"timestamp": "2025-11-03T20:35:57.580856", "event_type": "address_collected", "data": {"address": "tb1p7cxn89t8v3luwzzll5yhmlm4xzyvfh0dglqa9av3u780jajy04nscnnt8e", "block_height": 4750531, "block_hash": "00000000ac0f720986a566aba1a7ba34ed4a5fada6b67b622fe40b7f27b2d5ac", "transaction": "76f7ed01c3be90d8c8ede32884ae4c36d5c398cffbd2be180f21e75d22216078", "collected_at": "2025-11-03T20:35:57.580851"}}
2025-11-03 20:35:59,581 - logger - INFO - {"timestamp": "2025-11-03T20:35:59.581459", "event_type": "address_collected", "data": {"address": "tb1qx628udn26vdp8q3w089eaqznnnrxuj5uvrnyhl", "block_height": 4750531, "block_hash": "00000000ac0f720986a566aba1a7ba34ed4a5fada6b67b622fe40b7f27b2d5ac", "transaction": "bf0bcb84d9d04e3be63f8459d6d5ae83828505d5eef91af5868d19e36c577b29", "collected_at": "2025-11-03T20:35:59.581442"}}
2025-11-03 20:36:01,583 - logger - INFO - {"timestamp": "2025-11-03T20:36:01.583792", "event_type": "address_collected", "data": {"address": "2Mth4myXTo9RMjZKNdcs6q58ox25jC1Qpwi", "block_height": 4750531, "block_hash": "00000000ac0f720986a566aba1a7ba34ed4a5fada6b67b622fe40b7f27b2d5ac", "transaction": "ca26f2cdecbedce4b42ca1d2fe3ffa7a54a3a23234488f72584707325ffed29f", "collected_at": "2025-11-03T20:36:01.583775"}}
2025-11-03 20:36:01,584 - logger - INFO - {"timestamp": "2025-11-03T20:36:01.584050", "event_type": "address_collected", "data": {"address": "2MuGb1NwJSXe5W1nGUs9TTgz57GQB1wFTd6", "block_height": 4750531, "block_hash": "00000000ac0f720986a566aba1a7ba34ed4a5fada6b67b622fe40b7f27b2d5ac", "transaction": "ca26f2cdecbedce4b42ca1d2fe3ffa7a54a3a23234488f72584707325ffed29f", "collected_at": "2025-11-03T20:36:01.584046"}}
2025-11-03 20:36:01,584 - address_collector - INFO - Collection progress: 40/100 addresses
2025-11-03 20:36:01,584 - logger - INFO - {"timestamp": "2025-11-03T20:36:01.584148", "event_type": "address_collected", "data": {"address": "2My1VGB3XXneq6S4MGnk4w2GLS7r36QLJa6", "block_height": 4750531, "block_hash": "00000000ac0f720986a566aba1a7ba34ed4a5fada6b67b622fe40b7f27b2d5ac", "transaction": "ca26f2cdecbedce4b42ca1d2fe3ffa7a54a3a23234488f72584707325ffed29f", "collected_at": "2025-11-03T20:36:01.584144"}}
2025-11-03 20:36:01,584 - logger - INFO - {"timestamp": "2025-11-03T20:36:01.584197", "event_type": "address_collected", "data": {"address": "2N8VCpjDPYfu49Z5DnQDkc4oJNLMtB8sfLL", "block_height": 4750531, "block_hash": "00000000ac0f720986a566aba1a7ba34ed4a5fada6b67b622fe40b7f27b2d5ac", "transaction": "ca26f2cdecbedce4b42ca1d2fe3ffa7a54a3a23234488f72584707325ffed29f", "collected_at": "2025-11-03T20:36:01.584195"}}
2025-11-03 20:36:03,591 - logger - INFO - {"timestamp": "2025-11-03T20:36:03.591858", "event_type": "address_collected", "data": {"address": "2N2EEW59VUUPbsE9eim35WHqZrnMQoETUum", "block_height": 4750531, "block_hash": "00000000ac0f720986a566aba1a7ba34ed4a5fada6b67b622fe40b7f27b2d5ac", "transaction": "d01400904a8a2564bb812ab674628c71d9270b9b7777afd530c5334a79eecda3", "collected_at": "2025-11-03T20:36:03.591838"}}
2025-11-03 20:36:03,592 - logger - INFO - {"timestamp": "2025-11-03T20:36:03.592303", "event_type": "address_collected", "data": {"address": "2N1SWZYGpTWp97vywsbQ8SyEn2rDXrqz2NR", "block_height": 4750531, "block_hash": "00000000ac0f720986a566aba1a7ba34ed4a5fada6b67b622fe40b7f27b2d5ac", "transaction": "d01400904a8a2564bb812ab674628c71d9270b9b7777afd530c5334a79eecda3", "collected_at": "2025-11-03T20:36:03.592298"}}
2025-11-03 20:36:03,592 - logger - INFO - {"timestamp": "2025-11-03T20:36:03.592370", "event_type": "address_collected", "data": {"address": "2N5H3Eiw9cPfH3F5jodUXUmT9QXpZChA6Ue", "block_height": 4750531, "block_hash": "00000000ac0f720986a566aba1a7ba34ed4a5fada6b67b622fe40b7f27b2d5ac", "transaction": "d01400904a8a2564bb812ab674628c71d9270b9b7777afd530c5334a79eecda3", "collected_at": "2025-11-03T20:36:03.592367"}}
2025-11-03 20:36:05,592 - logger - INFO - {"timestamp": "2025-11-03T20:36:05.592110", "event_type": "address_collected", "data": {"address": "tb1p7l7p9rv8r6lhsr8l9n0vpe3r6du4f6xfkhpjsj09drnsrpj8wrtqwf0y24", "block_height": 4750531, "block_hash": "00000000ac0f720986a566aba1a7ba34ed4a5fada6b67b622fe40b7f27b2d5ac", "transaction": "4b921fff7310a9a768cbdcec12816ed80414e5c2414a68b7d87c0a1b5426ca0b", "collected_at": "2025-11-03T20:36:05.592090"}}
2025-11-03 20:36:05,592 - logger - INFO - {"timestamp": "2025-11-03T20:36:05.592486", "event_type": "address_collected", "data": {"address": "tb1qvgmdkjug5gk7plv8xn4lfn6fk4vwpztec0zmu6aduwgfvxjwchyskcuv9l", "block_height": 4750531, "block_hash": "00000000ac0f720986a566aba1a7ba34ed4a5fada6b67b622fe40b7f27b2d5ac", "transaction": "4b921fff7310a9a768cbdcec12816ed80414e5c2414a68b7d87c0a1b5426ca0b", "collected_at": "2025-11-03T20:36:05.592458"}}
2025-11-03 20:36:05,592 - logger - INFO - {"timestamp": "2025-11-03T20:36:05.592773", "event_type": "address_collected", "data": {"address": "tb1p5hxlqh08zkgy99srl3t4a7a5eygu4llx3g33tpssdd5rjqjatwkqjds0pc", "block_height": 4750531, "block_hash": "00000000ac0f720986a566aba1a7ba34ed4a5fada6b67b622fe40b7f27b2d5ac", "transaction": "4b921fff7310a9a768cbdcec12816ed80414e5c2414a68b7d87c0a1b5426ca0b", "collected_at": "2025-11-03T20:36:05.592768"}}
2025-11-03 20:36:07,592 - logger - INFO - {"timestamp": "2025-11-03T20:36:07.592444", "event_type": "address_collected", "data": {"address": "mupRSix9gLY13iaMTjtn3kvNQcZYy1rd5c", "block_height": 4750531, "block_hash": "00000000ac0f720986a566aba1a7ba34ed4a5fada6b67b622fe40b7f27b2d5ac", "transaction": "96c2693d05f130563feae145637ddb45d36622601441d25b874633a5f80be927", "collected_at": "2025-11-03T20:36:07.592424"}}
2025-11-03 20:36:07,592 - logger - INFO - {"timestamp": "2025-11-03T20:36:07.592824", "event_type": "address_collected", "data": {"address": "tb1q4fne3m7ae9mr3f4muzvacpxlej3wlsqrf6vxq9", "block_height": 4750531, "block_hash": "00000000ac0f720986a566aba1a7ba34ed4a5fada6b67b622fe40b7f27b2d5ac", "transaction": "96c2693d05f130563feae145637ddb45d36622601441d25b874633a5f80be927", "collected_at": "2025-11-03T20:36:07.592819"}}
2025-11-03 20:36:07,592 - address_collector - INFO - Collection progress: 50/100 addresses
2025-11-03 20:36:07,592 - logger - INFO - {"timestamp": "2025-11-03T20:36:07.592945", "event_type": "address_collected", "data": {"address": "mpwSyzzT4hLJ2Fsytc62t5FRczUdusyDCo", "block_height": 4750531, "block_hash": "00000000ac0f720986a566aba1a7ba34ed4a5fada6b67b622fe40b7f27b2d5ac", "transaction": "96c2693d05f130563feae145637ddb45d36622601441d25b874633a5f80be927", "collected_at": "2025-11-03T20:36:07.592942"}}
2025-11-03 20:36:07,592 - address_collector - INFO - Processing block 4750530: 0000000098eaedbf...
2025-11-03 20:36:09,593 - address_collector - INFO - Block 4750530 has 17 transactions
2025-11-03 20:36:11,594 - logger - INFO - {"timestamp": "2025-11-03T20:36:11.594137", "event_type": "address_collected", "data": {"address": "n33npN2oRNJFFpdoxkrm2CVyZAfRGFxALt", "block_height": 4750530, "block_hash": "0000000098eaedbf9660ce11658fd7ec4d50709edbb219384e747115fdfc0416", "transaction": "407c9cffb02d51d18561671dac743b6033f7af0abbdabae1b9ab74261e315e00", "collected_at": "2025-11-03T20:36:11.594119"}}
2025-11-03 20:36:13,596 - logger - INFO - {"timestamp": "2025-11-03T20:36:13.596688", "event_type": "address_collected", "data": {"address": "tb1qw6vlsmu7qtwn40afuekck40ynce9nrydvtjuzy", "block_height": 4750530, "block_hash": "0000000098eaedbf9660ce11658fd7ec4d50709edbb219384e747115fdfc0416", "transaction": "def905293900e3e56616f41258102ac0e9928638b47b71f61aac4967eb74d2ae", "collected_at": "2025-11-03T20:36:13.596670"}}
2025-11-03 20:36:13,596 - logger - INFO - {"timestamp": "2025-11-03T20:36:13.596900", "event_type": "address_collected", "data": {"address": "tb1qwej84sy2kw0a0f5hdgxqej2rqhl7xuhf6cl0ts", "block_height": 4750530, "block_hash": "0000000098eaedbf9660ce11658fd7ec4d50709edbb219384e747115fdfc0416", "transaction": "def905293900e3e56616f41258102ac0e9928638b47b71f61aac4967eb74d2ae", "collected_at": "2025-11-03T20:36:13.596897"}}
2025-11-03 20:36:13,596 - logger - INFO - {"timestamp": "2025-11-03T20:36:13.596965", "event_type": "address_collected", "data": {"address": "tb1q7308qdrx449mhnrqnn86guav9sj2wq2nq9429z", "block_height": 4750530, "block_hash": "0000000098eaedbf9660ce11658fd7ec4d50709edbb219384e747115fdfc0416", "transaction": "def905293900e3e56616f41258102ac0e9928638b47b71f61aac4967eb74d2ae", "collected_at": "2025-11-03T20:36:13.596963"}}
2025-11-03 20:36:15,602 - logger - INFO - {"timestamp": "2025-11-03T20:36:15.602599", "event_type": "address_collected", "data": {"address": "tb1qsjec07kxjwzyxm2c8uc744gjp7v3jzhzrpg6uq", "block_height": 4750530, "block_hash": "0000000098eaedbf9660ce11658fd7ec4d50709edbb219384e747115fdfc0416", "transaction": "3b9f6a21f5088e8e976a5ac59be0daa12caa419a22364cafbf221745a23cda21", "collected_at": "2025-11-03T20:36:15.602557"}}
2025-11-03 20:36:15,603 - logger - INFO - {"timestamp": "2025-11-03T20:36:15.603011", "event_type": "address_collected", "data": {"address": "tb1qn5rrryjgsekl008a2py0rhc94m0dr3wsapuvw0", "block_height": 4750530, "block_hash": "0000000098eaedbf9660ce11658fd7ec4d50709edbb219384e747115fdfc0416", "transaction": "3b9f6a21f5088e8e976a5ac59be0daa12caa419a22364cafbf221745a23cda21", "collected_at": "2025-11-03T20:36:15.603007"}}
2025-11-03 20:36:17,599 - logger - INFO - {"timestamp": "2025-11-03T20:36:17.598989", "event_type": "address_collected", "data": {"address": "tb1pmuzm5aqs94yf3dvjacw0u4h9lfv7w6lwz2lxk436s3my9w5nprlq2r8l6s", "block_height": 4750530, "block_hash": "0000000098eaedbf9660ce11658fd7ec4d50709edbb219384e747115fdfc0416", "transaction": "6686af6fa4b05e8757c1ff5de62b3e765ae7b9f24d6179449fb163260aef12bb", "collected_at": "2025-11-03T20:36:17.598971"}}
2025-11-03 20:36:17,599 - logger - INFO - {"timestamp": "2025-11-03T20:36:17.599324", "event_type": "address_collected", "data": {"address": "tb1qtzkg8m7agdlruvtc8vsqyu3h2r7nv89aqajpft", "block_height": 4750530, "block_hash": "0000000098eaedbf9660ce11658fd7ec4d50709edbb219384e747115fdfc0416", "transaction": "6686af6fa4b05e8757c1ff5de62b3e765ae7b9f24d6179449fb163260aef12bb", "collected_at": "2025-11-03T20:36:17.599315"}}
2025-11-03 20:36:19,602 - logger - INFO - {"timestamp": "2025-11-03T20:36:19.602115", "event_type": "address_collected", "data": {"address": "tb1q205m0dvhdtqrqlpdm06p8wnwwmvdae9mchlhg4", "block_height": 4750530, "block_hash": "0000000098eaedbf9660ce11658fd7ec4d50709edbb219384e747115fdfc0416", "transaction": "ecb1fa3e6ff6cee7033d87e1ef13a0650885367a89a5041840a3b02191e6d2c3", "collected_at": "2025-11-03T20:36:19.602096"}}
2025-11-03 20:36:19,602 - address_collector - INFO - Collection progress: 60/100 addresses
2025-11-03 20:36:19,602 - logger - INFO - {"timestamp": "2025-11-03T20:36:19.602550", "event_type": "address_collected", "data": {"address": "tb1qfswsvpktctzax2hq8y3xzkmjyjwtrsr8ruy5as", "block_height": 4750530, "block_hash": "0000000098eaedbf9660ce11658fd7ec4d50709edbb219384e747115fdfc0416", "transaction": "ecb1fa3e6ff6cee7033d87e1ef13a0650885367a89a5041840a3b02191e6d2c3", "collected_at": "2025-11-03T20:36:19.602545"}}
2025-11-03 20:36:19,602 - logger - INFO - {"timestamp": "2025-11-03T20:36:19.602623", "event_type": "address_collected", "data": {"address": "tb1qrpzy52te2q53htdmz0sqcqdfv3s6t77lcv29lp", "block_height": 4750530, "block_hash": "0000000098eaedbf9660ce11658fd7ec4d50709edbb219384e747115fdfc0416", "transaction": "ecb1fa3e6ff6cee7033d87e1ef13a0650885367a89a5041840a3b02191e6d2c3", "collected_at": "2025-11-03T20:36:19.602621"}}
2025-11-03 20:36:25,608 - logger - INFO - {"timestamp": "2025-11-03T20:36:25.608472", "event_type": "address_collected", "data": {"address": "tb1pc6mtdt43qa3e5k4g3vfthdtk0ns56vc637vkgcaht2py6yx3frfqcuyrgx", "block_height": 4750530, "block_hash": "0000000098eaedbf9660ce11658fd7ec4d50709edbb219384e747115fdfc0416", "transaction": "40a520d4b2f951135e07ed4dc435e1c2d0264879dd5295e3299fc8044f7a23c0", "collected_at": "2025-11-03T20:36:25.608453"}}
2025-11-03 20:36:25,609 - logger - INFO - {"timestamp": "2025-11-03T20:36:25.608986", "event_type": "address_collected", "data": {"address": "tb1p4t63ca5dckk856qsp2ezsqz3jtutajzqmsxv06q839n08azl3cwssm9xfu", "block_height": 4750530, "block_hash": "0000000098eaedbf9660ce11658fd7ec4d50709edbb219384e747115fdfc0416", "transaction": "40a520d4b2f951135e07ed4dc435e1c2d0264879dd5295e3299fc8044f7a23c0", "collected_at": "2025-11-03T20:36:25.608980"}}
2025-11-03 20:36:25,609 - logger - INFO - {"timestamp": "2025-11-03T20:36:25.609063", "event_type": "address_collected", "data": {"address": "tb1p9grhpvsefhw60cz08s8y2fafg652yx632snd7y9dqlxfeg6whdlqjzf5sr", "block_height": 4750530, "block_hash": "0000000098eaedbf9660ce11658fd7ec4d50709edbb219384e747115fdfc0416", "transaction": "40a520d4b2f951135e07ed4dc435e1c2d0264879dd5295e3299fc8044f7a23c0", "collected_at": "2025-11-03T20:36:25.609060"}}
2025-11-03 20:36:27,609 - logger - INFO - {"timestamp": "2025-11-03T20:36:27.609907", "event_type": "address_collected", "data": {"address": "tb1pd5cuxct9cys4jfultj2np7tvjvqdmrjf4w3ptedpwrd3mm3ep0xq229l9n", "block_height": 4750530, "block_hash": "0000000098eaedbf9660ce11658fd7ec4d50709edbb219384e747115fdfc0416", "transaction": "7a4887454ee01eda5dc26d7a04f2bc5ac3a2cad9942ba16ce4b8348c00a41219", "collected_at": "2025-11-03T20:36:27.609888"}}
2025-11-03 20:36:27,610 - logger - INFO - {"timestamp": "2025-11-03T20:36:27.610289", "event_type": "address_collected", "data": {"address": "tb1pvnxtex4c5k3vysegyufy5jnrhqw28zy6umu85jzq2pgq90k07v0spsje68", "block_height": 4750530, "block_hash": "0000000098eaedbf9660ce11658fd7ec4d50709edbb219384e747115fdfc0416", "transaction": "7a4887454ee01eda5dc26d7a04f2bc5ac3a2cad9942ba16ce4b8348c00a41219", "collected_at": "2025-11-03T20:36:27.610284"}}
2025-11-03 20:36:27,610 - logger - INFO - {"timestamp": "2025-11-03T20:36:27.610349", "event_type": "address_collected", "data": {"address": "tb1pr2a4xxth0vq8cy6fp4u6za7shq55s3we3dmzgxjp2k8nnl2rdmjsw8dmxr", "block_height": 4750530, "block_hash": "0000000098eaedbf9660ce11658fd7ec4d50709edbb219384e747115fdfc0416", "transaction": "7a4887454ee01eda5dc26d7a04f2bc5ac3a2cad9942ba16ce4b8348c00a41219", "collected_at": "2025-11-03T20:36:27.610347"}}
2025-11-03 20:36:29,611 - logger - INFO - {"timestamp": "2025-11-03T20:36:29.611768", "event_type": "address_collected", "data": {"address": "tb1qse9satjazu4f07eq6u76hndevel6w86f477het", "block_height": 4750530, "block_hash": "0000000098eaedbf9660ce11658fd7ec4d50709edbb219384e747115fdfc0416", "transaction": "5048293b1c1a23916d7728e9ba823d3c446285a8da16087c73c5fff5d68ebd0b", "collected_at": "2025-11-03T20:36:29.611749"}}
2025-11-03 20:36:29,612 - logger - INFO - {"timestamp": "2025-11-03T20:36:29.612002", "event_type": "address_collected", "data": {"address": "tb1q3u0qym938hl5248955umcmegppag48780rwr8y", "block_height": 4750530, "block_hash": "0000000098eaedbf9660ce11658fd7ec4d50709edbb219384e747115fdfc0416", "transaction": "5048293b1c1a23916d7728e9ba823d3c446285a8da16087c73c5fff5d68ebd0b", "collected_at": "2025-11-03T20:36:29.611998"}}
2025-11-03 20:36:29,612 - address_collector - INFO - Collection progress: 70/100 addresses
2025-11-03 20:36:35,621 - logger - INFO - {"timestamp": "2025-11-03T20:36:35.621922", "event_type": "address_collected", "data": {"address": "tb1qjgknxyj00luy6fejedjsdwkak8txgea2t4dw2h", "block_height": 4750530, "block_hash": "0000000098eaedbf9660ce11658fd7ec4d50709edbb219384e747115fdfc0416", "transaction": "7158f5e456e23715df4eaf385d9c7ca684397939dc04161f08bc7eaad90e2c09", "collected_at": "2025-11-03T20:36:35.621900"}}
2025-11-03 20:36:35,622 - logger - INFO - {"timestamp": "2025-11-03T20:36:35.622330", "event_type": "address_collected", "data": {"address": "tb1qmf3kxmmwxlzuncq5tef9pgfcwvlzgmy9xagt6h", "block_height": 4750530, "block_hash": "0000000098eaedbf9660ce11658fd7ec4d50709edbb219384e747115fdfc0416", "transaction": "7158f5e456e23715df4eaf385d9c7ca684397939dc04161f08bc7eaad90e2c09", "collected_at": "2025-11-03T20:36:35.622325"}}
2025-11-03 20:36:37,625 - logger - INFO - {"timestamp": "2025-11-03T20:36:37.625449", "event_type": "address_collected", "data": {"address": "tb1qtedua6tg0wlzsf0l3el09cxpjwd2wk6v70cslm", "block_height": 4750530, "block_hash": "0000000098eaedbf9660ce11658fd7ec4d50709edbb219384e747115fdfc0416", "transaction": "866ee403fe6d490a34dd1356c3a8a6a0f411839d55df17c345ea1b790c32470e", "collected_at": "2025-11-03T20:36:37.625432"}}
2025-11-03 20:36:37,625 - logger - INFO - {"timestamp": "2025-11-03T20:36:37.625876", "event_type": "address_collected", "data": {"address": "tb1qfyvkvwg2xhzxpuuhjqnmmklvnnr5dg3v32l4ya", "block_height": 4750530, "block_hash": "0000000098eaedbf9660ce11658fd7ec4d50709edbb219384e747115fdfc0416", "transaction": "866ee403fe6d490a34dd1356c3a8a6a0f411839d55df17c345ea1b790c32470e", "collected_at": "2025-11-03T20:36:37.625870"}}
2025-11-03 20:36:39,622 - logger - INFO - {"timestamp": "2025-11-03T20:36:39.622853", "event_type": "address_collected", "data": {"address": "tb1qc0uhz8qh73l2ulpx4afu85ruxu3k29rydkdhtc", "block_height": 4750530, "block_hash": "0000000098eaedbf9660ce11658fd7ec4d50709edbb219384e747115fdfc0416", "transaction": "6d3f5dcf72681b1bc463599e8656fa0ac9db7048f278ac4d11ca769bbf037146", "collected_at": "2025-11-03T20:36:39.622834"}}
2025-11-03 20:36:39,623 - logger - INFO - {"timestamp": "2025-11-03T20:36:39.623228", "event_type": "address_collected", "data": {"address": "tb1q5he2qp22qa64a6qp9pm47e8u6qnf6hwt5mnl88", "block_height": 4750530, "block_hash": "0000000098eaedbf9660ce11658fd7ec4d50709edbb219384e747115fdfc0416", "transaction": "6d3f5dcf72681b1bc463599e8656fa0ac9db7048f278ac4d11ca769bbf037146", "collected_at": "2025-11-03T20:36:39.623225"}}
2025-11-03 20:36:41,626 - logger - INFO - {"timestamp": "2025-11-03T20:36:41.626096", "event_type": "address_collected", "data": {"address": "tb1qdhc2l3d3w348re4j70a0cykvmh47ptwu8fk9nh", "block_height": 4750530, "block_hash": "0000000098eaedbf9660ce11658fd7ec4d50709edbb219384e747115fdfc0416", "transaction": "b888304e009686b44ae061f15be237ab078b22b5aefda770a7dd7241acf0d06c", "collected_at": "2025-11-03T20:36:41.626076"}}
2025-11-03 20:36:43,627 - logger - INFO - {"timestamp": "2025-11-03T20:36:43.627189", "event_type": "address_collected", "data": {"address": "tb1qeesj2psr4nwgchdkph2rj0u6t0app5v0tgs6s9", "block_height": 4750530, "block_hash": "0000000098eaedbf9660ce11658fd7ec4d50709edbb219384e747115fdfc0416", "transaction": "0828e40e6d6866bb7b61114336e074e1988faf49a016008daca1f65b66a86783", "collected_at": "2025-11-03T20:36:43.627170"}}
2025-11-03 20:36:43,627 - logger - INFO - {"timestamp": "2025-11-03T20:36:43.627581", "event_type": "address_collected", "data": {"address": "tb1qjka5cvulkhxu244tvzdw6q8ungf9zr4q8nzwkd", "block_height": 4750530, "block_hash": "0000000098eaedbf9660ce11658fd7ec4d50709edbb219384e747115fdfc0416", "transaction": "0828e40e6d6866bb7b61114336e074e1988faf49a016008daca1f65b66a86783", "collected_at": "2025-11-03T20:36:43.627576"}}
2025-11-03 20:36:43,627 - address_collector - INFO - Processing block 4750529: 000000007f929492...
2025-11-03 20:36:45,649 - address_collector - INFO - Block 4750529 has 14 transactions
2025-11-03 20:36:49,633 - logger - INFO - {"timestamp": "2025-11-03T20:36:49.633101", "event_type": "address_collected", "data": {"address": "tb1qtmrfp2u5nk4jfmk5f4jeyvny59ezmlzxau9m8e", "block_height": 4750529, "block_hash": "000000007f9294926abe3f7503c6d53435371691aa71cb767f80c522b4087aa1", "transaction": "35dada77a6e50a1049eb6dff3bd6eba5fbc023dd60af1bb995114fcce240d2c3", "collected_at": "2025-11-03T20:36:49.633083"}}
2025-11-03 20:36:49,633 - address_collector - INFO - Collection progress: 80/100 addresses
2025-11-03 20:36:49,633 - logger - INFO - {"timestamp": "2025-11-03T20:36:49.633525", "event_type": "address_collected", "data": {"address": "tb1qkhfkacnyq2e9vwj6drzw92qhmp4tuk4y3lhrjx", "block_height": 4750529, "block_hash": "000000007f9294926abe3f7503c6d53435371691aa71cb767f80c522b4087aa1", "transaction": "35dada77a6e50a1049eb6dff3bd6eba5fbc023dd60af1bb995114fcce240d2c3", "collected_at": "2025-11-03T20:36:49.633521"}}
2025-11-03 20:36:51,635 - logger - INFO - {"timestamp": "2025-11-03T20:36:51.635442", "event_type": "address_collected", "data": {"address": "tb1q48rrf3p9u0uvf7ezmatt22c4nkxyvvgezrga5k", "block_height": 4750529, "block_hash": "000000007f9294926abe3f7503c6d53435371691aa71cb767f80c522b4087aa1", "transaction": "6f060ee5a96e8b9abe1da82de944b24c2be48ba6775efa6c2e8049c3860c2df2", "collected_at": "2025-11-03T20:36:51.635414"}}
2025-11-03 20:36:51,636 - logger - INFO - {"timestamp": "2025-11-03T20:36:51.635977", "event_type": "address_collected", "data": {"address": "tb1qu9pxx4cg8g87avedaf7vkpeqf5sa55jfll45du", "block_height": 4750529, "block_hash": "000000007f9294926abe3f7503c6d53435371691aa71cb767f80c522b4087aa1", "transaction": "6f060ee5a96e8b9abe1da82de944b24c2be48ba6775efa6c2e8049c3860c2df2", "collected_at": "2025-11-03T20:36:51.635970"}}
2025-11-03 20:36:53,636 - logger - INFO - {"timestamp": "2025-11-03T20:36:53.636244", "event_type": "address_collected", "data": {"address": "tb1q8cjs6fhmlaaflzd9cegjlmu5fs6u67mhh8gcu0", "block_height": 4750529, "block_hash": "000000007f9294926abe3f7503c6d53435371691aa71cb767f80c522b4087aa1", "transaction": "a8a5d4d27fefdf19d5a515543bb35b023b393ce88fb8362f7ed6a40ace44044a", "collected_at": "2025-11-03T20:36:53.636225"}}
2025-11-03 20:36:53,636 - logger - INFO - {"timestamp": "2025-11-03T20:36:53.636692", "event_type": "address_collected", "data": {"address": "tb1qe53fq47trq7tnkjht55cgssthjypwvsw476q65", "block_height": 4750529, "block_hash": "000000007f9294926abe3f7503c6d53435371691aa71cb767f80c522b4087aa1", "transaction": "a8a5d4d27fefdf19d5a515543bb35b023b393ce88fb8362f7ed6a40ace44044a", "collected_at": "2025-11-03T20:36:53.636685"}}
2025-11-03 20:36:55,641 - logger - INFO - {"timestamp": "2025-11-03T20:36:55.641434", "event_type": "address_collected", "data": {"address": "tb1qhcgu6f353c2ranqkuwx8h74wyh4zzm5umlmqhl", "block_height": 4750529, "block_hash": "000000007f9294926abe3f7503c6d53435371691aa71cb767f80c522b4087aa1", "transaction": "176e011c1703cbafcde5d4ae7f1560c8ac1fbb2c2047391cd93fa24b972288b2", "collected_at": "2025-11-03T20:36:55.641416"}}
2025-11-03 20:36:55,641 - logger - INFO - {"timestamp": "2025-11-03T20:36:55.641843", "event_type": "address_collected", "data": {"address": "tb1qqtuwzvg9za98dwe7g7r202y6cxe82hl6tt64f7", "block_height": 4750529, "block_hash": "000000007f9294926abe3f7503c6d53435371691aa71cb767f80c522b4087aa1", "transaction": "176e011c1703cbafcde5d4ae7f1560c8ac1fbb2c2047391cd93fa24b972288b2", "collected_at": "2025-11-03T20:36:55.641839"}}
2025-11-03 20:36:57,641 - logger - INFO - {"timestamp": "2025-11-03T20:36:57.641252", "event_type": "address_collected", "data": {"address": "2MxQDRytQtPURyowd5ZgoJGJB53coMJBRNF", "block_height": 4750529, "block_hash": "000000007f9294926abe3f7503c6d53435371691aa71cb767f80c522b4087aa1", "transaction": "8725d52054c841bba751b2c603e8c11f97c7aeedc011fb7e8a86cdca6fc269f8", "collected_at": "2025-11-03T20:36:57.641233"}}
2025-11-03 20:36:57,641 - logger - INFO - {"timestamp": "2025-11-03T20:36:57.641656", "event_type": "address_collected", "data": {"address": "2NDeDsPXziRBtdy2Wx2vAhpytWB7ufa8aJY", "block_height": 4750529, "block_hash": "000000007f9294926abe3f7503c6d53435371691aa71cb767f80c522b4087aa1", "transaction": "8725d52054c841bba751b2c603e8c11f97c7aeedc011fb7e8a86cdca6fc269f8", "collected_at": "2025-11-03T20:36:57.641652"}}
2025-11-03 20:37:03,647 - logger - INFO - {"timestamp": "2025-11-03T20:37:03.647733", "event_type": "address_collected", "data": {"address": "tb1q292ugqqcklpnzlngn490h7n3f7ut0nt8tuxqxz", "block_height": 4750529, "block_hash": "000000007f9294926abe3f7503c6d53435371691aa71cb767f80c522b4087aa1", "transaction": "b665a13ee21920f6be93a9caf2011b9136ebf14d0693359126af9ca9bd986650", "collected_at": "2025-11-03T20:37:03.647715"}}
2025-11-03 20:37:03,648 - address_collector - INFO - Collection progress: 90/100 addresses
2025-11-03 20:37:03,648 - logger - INFO - {"timestamp": "2025-11-03T20:37:03.648157", "event_type": "address_collected", "data": {"address": "tb1q3j3rhxqjvanvzu7fvtsjgn7svdcz52ssj4vmns", "block_height": 4750529, "block_hash": "000000007f9294926abe3f7503c6d53435371691aa71cb767f80c522b4087aa1", "transaction": "b665a13ee21920f6be93a9caf2011b9136ebf14d0693359126af9ca9bd986650", "collected_at": "2025-11-03T20:37:03.648153"}}
2025-11-03 20:37:03,648 - logger - INFO - {"timestamp": "2025-11-03T20:37:03.648202", "event_type": "address_collected", "data": {"address": "tb1qsmul7238upywp3k6p4qm2a25tlp59glyn7jzr2", "block_height": 4750529, "block_hash": "000000007f9294926abe3f7503c6d53435371691aa71cb767f80c522b4087aa1", "transaction": "b665a13ee21920f6be93a9caf2011b9136ebf14d0693359126af9ca9bd986650", "collected_at": "2025-11-03T20:37:03.648200"}}
2025-11-03 20:37:03,648 - logger - INFO - {"timestamp": "2025-11-03T20:37:03.648242", "event_type": "address_collected", "data": {"address": "tb1q4kw7vxcfy86y2mwhtsnqquyful6ux9ltr6kpe8", "block_height": 4750529, "block_hash": "000000007f9294926abe3f7503c6d53435371691aa71cb767f80c522b4087aa1", "transaction": "b665a13ee21920f6be93a9caf2011b9136ebf14d0693359126af9ca9bd986650", "collected_at": "2025-11-03T20:37:03.648240"}}
2025-11-03 20:37:03,648 - logger - INFO - {"timestamp": "2025-11-03T20:37:03.648292", "event_type": "address_collected", "data": {"address": "tb1qnvlqx6jh5xpgl654z7c2h9ahhl4pxeh8qyc73n", "block_height": 4750529, "block_hash": "000000007f9294926abe3f7503c6d53435371691aa71cb767f80c522b4087aa1", "transaction": "b665a13ee21920f6be93a9caf2011b9136ebf14d0693359126af9ca9bd986650", "collected_at": "2025-11-03T20:37:03.648289"}}
2025-11-03 20:37:09,657 - logger - INFO - {"timestamp": "2025-11-03T20:37:09.657256", "event_type": "address_collected", "data": {"address": "tb1qm8ucg0d2ty7fqre9zx9j0dd56f676xvyjxpl47", "block_height": 4750529, "block_hash": "000000007f9294926abe3f7503c6d53435371691aa71cb767f80c522b4087aa1", "transaction": "3daf5c8f685488701e687fd1ca7780ec7c9a084fe4dfd325daaf23a7e0dcfb77", "collected_at": "2025-11-03T20:37:09.657238"}}
2025-11-03 20:37:09,657 - logger - INFO - {"timestamp": "2025-11-03T20:37:09.657650", "event_type": "address_collected", "data": {"address": "tb1qtnus3wmqyrspcw24xc2agc7qvtfs4yvuf0xj0p", "block_height": 4750529, "block_hash": "000000007f9294926abe3f7503c6d53435371691aa71cb767f80c522b4087aa1", "transaction": "3daf5c8f685488701e687fd1ca7780ec7c9a084fe4dfd325daaf23a7e0dcfb77", "collected_at": "2025-11-03T20:37:09.657646"}}
2025-11-03 20:37:09,657 - logger - INFO - {"timestamp": "2025-11-03T20:37:09.657710", "event_type": "address_collected", "data": {"address": "tb1qw2c3lxufxqe2x9s4rdzh65tpf4d7fssjgh8nv6", "block_height": 4750529, "block_hash": "000000007f9294926abe3f7503c6d53435371691aa71cb767f80c522b4087aa1", "transaction": "3daf5c8f685488701e687fd1ca7780ec7c9a084fe4dfd325daaf23a7e0dcfb77", "collected_at": "2025-11-03T20:37:09.657708"}}
2025-11-03 20:37:11,656 - logger - INFO - {"timestamp": "2025-11-03T20:37:11.656203", "event_type": "address_collected", "data": {"address": "tb1qgd9r4gxrg2razvfut5qnje0naauag8agzya06e", "block_height": 4750529, "block_hash": "000000007f9294926abe3f7503c6d53435371691aa71cb767f80c522b4087aa1", "transaction": "f91d54c9e8c9f99906d2bff87e0195f48700ab73bdae6d904d66aa7062caa73e", "collected_at": "2025-11-03T20:37:11.656184"}}
2025-11-03 20:37:11,656 - logger - INFO - {"timestamp": "2025-11-03T20:37:11.656637", "event_type": "address_collected", "data": {"address": "tb1qlslwed2t06mrahctucgz38w6r7hncpvy6y0nc4", "block_height": 4750529, "block_hash": "000000007f9294926abe3f7503c6d53435371691aa71cb767f80c522b4087aa1", "transaction": "f91d54c9e8c9f99906d2bff87e0195f48700ab73bdae6d904d66aa7062caa73e", "collected_at": "2025-11-03T20:37:11.656631"}}
2025-11-03 20:37:11,656 - logger - INFO - {"timestamp": "2025-11-03T20:37:11.656729", "event_type": "address_collected", "data": {"address": "tb1qzjce5zw7j3ugd0hvcfkm4j4y5ly7sqcjjzql2u", "block_height": 4750529, "block_hash": "000000007f9294926abe3f7503c6d53435371691aa71cb767f80c522b4087aa1", "transaction": "f91d54c9e8c9f99906d2bff87e0195f48700ab73bdae6d904d66aa7062caa73e", "collected_at": "2025-11-03T20:37:11.656726"}}
2025-11-03 20:37:11,656 - __main__ - INFO - Checkpoint saved: ./checkpoint.json
2025-11-03 20:37:11,657 - logger - INFO - {"timestamp": "2025-11-03T20:37:11.657018", "event_type": "checkpoint_saved", "data": {"addresses_processed": 0, "weak_found": 0}}
2025-11-03 20:37:11,657 - address_collector - INFO - Collection progress: 100/100 addresses
2025-11-03 20:37:11,657 - address_collector - INFO - Address collection complete: 100 addresses collected
2025-11-03 20:37:11,657 - __main__ - INFO - Address collection complete: 100 addresses
2025-11-03 20:37:11,657 - __main__ - INFO - 
======================================================================
2025-11-03 20:37:11,657 - __main__ - INFO - STAGE 2: ENTROPY ANALYSIS
2025-11-03 20:37:11,657 - __main__ - INFO - ======================================================================
2025-11-03 20:37:11,657 - __main__ - INFO - Starting entropy analysis: 100 addresses
2025-11-03 20:37:11,658 - logger - INFO - {"timestamp": "2025-11-03T20:37:11.658105", "event_type": "entropy_analyzed", "data": {"address": "mp52VHqmkNgzzuuM9Fcc6uXrrzH4SvL3Yx", "entropy": 4.5725, "weakness_level": "SUSPICIOUS", "is_weak": true}}
2025-11-03 20:37:11,658 - logger - INFO - {"timestamp": "2025-11-03T20:37:11.658501", "event_type": "entropy_analyzed", "data": {"address": "tb1qf9386ynqyz9cek685qn483dx9u2nsezf4fug2r", "entropy": 4.4453, "weakness_level": "SUSPICIOUS", "is_weak": true}}
2025-11-03 20:37:11,658 - logger - INFO - {"timestamp": "2025-11-03T20:37:11.658846", "event_type": "entropy_analyzed", "data": {"address": "tb1qpw693a6l8yvp25n88gz3hjwr5pq3lfpnfdersa", "entropy": 4.5468, "weakness_level": "SUSPICIOUS", "is_weak": true}}
2025-11-03 20:37:11,659 - logger - INFO - {"timestamp": "2025-11-03T20:37:11.659152", "event_type": "entropy_analyzed", "data": {"address": "tb1q9hgyvdu3px95md89qh89my2gatg7jhtqsp8uj3", "entropy": 4.3024, "weakness_level": "SUSPICIOUS", "is_weak": true}}
2025-11-03 20:37:11,659 - logger - INFO - {"timestamp": "2025-11-03T20:37:11.659439", "event_type": "entropy_analyzed", "data": {"address": "tb1qmf5pdg29guzvm5pngqmawfywdf357tjh85vs2a", "entropy": 4.4813, "weakness_level": "SUSPICIOUS", "is_weak": true}}
2025-11-03 20:37:11,659 - logger - INFO - {"timestamp": "2025-11-03T20:37:11.659741", "event_type": "entropy_analyzed", "data": {"address": "tb1p8qh68rvq2aq4qswq0mu2unv2nzf5serfs4rvd4a77yhnqn00khssscgwqs", "entropy": 4.5375, "weakness_level": "SUSPICIOUS", "is_weak": true}}
2025-11-03 20:37:11,660 - logger - INFO - {"timestamp": "2025-11-03T20:37:11.660040", "event_type": "entropy_analyzed", "data": {"address": "tb1pw2hn68wgx9nqhq9nhq35h8pthkxnv4afp9klzka9mrhf9cjg2jxqawcvhx", "entropy": 4.4981, "weakness_level": "WEAK", "is_weak": true}}
2025-11-03 20:37:11,660 - logger - INFO - {"timestamp": "2025-11-03T20:37:11.660332", "event_type": "entropy_analyzed", "data": {"address": "tb1p7y86tuw2p6vle767dacvde72n4a8r7nljekqm9zxy6gnmzy6xrnq5dkqdq", "entropy": 4.6521, "weakness_level": "SUSPICIOUS", "is_weak": true}}
2025-11-03 20:37:11,660 - logger - INFO - {"timestamp": "2025-11-03T20:37:11.660640", "event_type": "entropy_analyzed", "data": {"address": "tb1qashx6f8kw29fq5rwcnpuzh5aufu24xquevdk7y", "entropy": 4.6421, "weakness_level": "SUSPICIOUS", "is_weak": true}}
2025-11-03 20:37:11,660 - logger - INFO - {"timestamp": "2025-11-03T20:37:11.660927", "event_type": "entropy_analyzed", "data": {"address": "tb1qwzac060kz4wyczdvl46sp9nrtp60cgp4x9gewm", "entropy": 4.457, "weakness_level": "SUSPICIOUS", "is_weak": true}}
2025-11-03 20:37:11,661 - logger - INFO - {"timestamp": "2025-11-03T20:37:11.661218", "event_type": "entropy_analyzed", "data": {"address": "tb1qkpds9027dv2yuuvuf67kd7ud9t9z47vx4esaje", "entropy": 4.3088, "weakness_level": "SUSPICIOUS", "is_weak": true}}
2025-11-03 20:37:11,661 - logger - INFO - {"timestamp": "2025-11-03T20:37:11.661503", "event_type": "entropy_analyzed", "data": {"address": "tb1q2thl5qjx5cdyge4snq5f9xyheup5zuc4egxlcx", "entropy": 4.3384, "weakness_level": "SUSPICIOUS", "is_weak": true}}
2025-11-03 20:37:11,661 - logger - INFO - {"timestamp": "2025-11-03T20:37:11.661812", "event_type": "entropy_analyzed", "data": {"address": "tb1q77hz5gj0050k5p4vsx9dgy368fhamakdr22n5h", "entropy": 4.6897, "weakness_level": "SUSPICIOUS", "is_weak": true}}
2025-11-03 20:37:11,662 - logger - INFO - {"timestamp": "2025-11-03T20:37:11.662111", "event_type": "entropy_analyzed", "data": {"address": "tb1qjmdk4y55ftn47wvhwdlhuf99pjf95zcxy2n7rq", "entropy": 4.5765, "weakness_level": "SUSPICIOUS", "is_weak": true}}
2025-11-03 20:37:11,662 - logger - INFO - {"timestamp": "2025-11-03T20:37:11.662395", "event_type": "entropy_analyzed", "data": {"address": "tb1qqws3aatj6jz2nz8d7zefwmtmcccx4umlc5ygr7", "entropy": 4.6241, "weakness_level": "SUSPICIOUS", "is_weak": true}}
2025-11-03 20:37:11,662 - logger - INFO - {"timestamp": "2025-11-03T20:37:11.662691", "event_type": "entropy_analyzed", "data": {"address": "mxpYha3UJKUgSwsAz2qYRqaDSwAkKZ3YEY", "entropy": 4.3816, "weakness_level": "SUSPICIOUS", "is_weak": true}}
2025-11-03 20:37:11,662 - logger - INFO - {"timestamp": "2025-11-03T20:37:11.662980", "event_type": "entropy_analyzed", "data": {"address": "tb1pd94k6956rdcfhckz4rqdlnt0p8nllhuwe5jad7psev4he9p50l9qpfrapr", "entropy": 4.5908, "weakness_level": "SUSPICIOUS", "is_weak": true}}
2025-11-03 20:37:11,663 - logger - INFO - {"timestamp": "2025-11-03T20:37:11.663254", "event_type": "entropy_analyzed", "data": {"address": "tb1qp8z86v0y78pv58ht8y4a7yqxf28096dlcqwhku", "entropy": 4.4633, "weakness_level": "SUSPICIOUS", "is_weak": true}}
2025-11-03 20:37:11,663 - logger - INFO - {"timestamp": "2025-11-03T20:37:11.663541", "event_type": "entropy_analyzed", "data": {"address": "tb1qmrl32zy2532pxxpd5vkwehkaa842vwhmfwcqyv", "entropy": 4.4992, "weakness_level": "SUSPICIOUS", "is_weak": true}}
2025-11-03 20:37:11,663 - logger - INFO - {"timestamp": "2025-11-03T20:37:11.663841", "event_type": "entropy_analyzed", "data": {"address": "tb1qpv9ff0vgjrvy0c2lkhmtx69y57ddaxvjazkcum", "entropy": 4.6304, "weakness_level": "SUSPICIOUS", "is_weak": true}}
2025-11-03 20:37:11,664 - logger - INFO - {"timestamp": "2025-11-03T20:37:11.664117", "event_type": "entropy_analyzed", "data": {"address": "2MspywMNAT7N4tK2rBgcKt3QRAXWax66ahU", "entropy": 4.6721, "weakness_level": "SUSPICIOUS", "is_weak": true}}
2025-11-03 20:37:11,664 - logger - INFO - {"timestamp": "2025-11-03T20:37:11.664390", "event_type": "entropy_analyzed", "data": {"address": "2NB83EMWf8A3SaWbVEyEQBBFSR322ixcgfE", "entropy": 4.2646, "weakness_level": "SUSPICIOUS", "is_weak": true}}
2025-11-03 20:37:11,664 - logger - INFO - {"timestamp": "2025-11-03T20:37:11.664687", "event_type": "entropy_analyzed", "data": {"address": "2N1sd8fZZ4CHDkyu1EzTDujgjA6SMHY552Z", "entropy": 4.5934, "weakness_level": "SUSPICIOUS", "is_weak": true}}
2025-11-03 20:37:11,665 - logger - INFO - {"timestamp": "2025-11-03T20:37:11.664989", "event_type": "entropy_analyzed", "data": {"address": "tb1qj8pxqh8suqx334q5l2v2ukdsc4vx2z02q5h9c4", "entropy": 4.318, "weakness_level": "SUSPICIOUS", "is_weak": true}}
2025-11-03 20:37:11,665 - logger - INFO - {"timestamp": "2025-11-03T20:37:11.665266", "event_type": "entropy_analyzed", "data": {"address": "tb1qa8slzy0yr8xm0x83fev0ygw552cfgu47k269ur", "entropy": 4.7193, "weakness_level": "SUSPICIOUS", "is_weak": true}}
2025-11-03 20:37:11,665 - logger - INFO - {"timestamp": "2025-11-03T20:37:11.665538", "event_type": "entropy_analyzed", "data": {"address": "tb1q4qkrnwpyqwmnckgjyzmq9zp2s9gvqzggt6pd3d", "entropy": 4.318, "weakness_level": "SUSPICIOUS", "is_weak": true}}
2025-11-03 20:37:11,665 - logger - INFO - {"timestamp": "2025-11-03T20:37:11.665827", "event_type": "entropy_analyzed", "data": {"address": "tb1qrgu7sp6twm99c7p8yw0328wjn43vp2nhe2thap", "entropy": 4.5765, "weakness_level": "SUSPICIOUS", "is_weak": true}}
2025-11-03 20:37:11,666 - logger - INFO - {"timestamp": "2025-11-03T20:37:11.666103", "event_type": "entropy_analyzed", "data": {"address": "tb1q9w8tzexv8477gh3wfsyg2tmjfxcrncn3zp4v9p", "entropy": 4.6124, "weakness_level": "SUSPICIOUS", "is_weak": true}}
2025-11-03 20:37:11,666 - logger - INFO - {"timestamp": "2025-11-03T20:37:11.666385", "event_type": "entropy_analyzed", "data": {"address": "tb1qpy0g9wu70vvfeyg7c6ejvjlfnm6wmuvma4fuld", "entropy": 4.4336, "weakness_level": "SUSPICIOUS", "is_weak": true}}
2025-11-03 20:37:11,666 - logger - INFO - {"timestamp": "2025-11-03T20:37:11.666677", "event_type": "entropy_analyzed", "data": {"address": "tb1qk652gmyh7hupyw3f90fcs8e8tr735lt78us4xd", "entropy": 4.7193, "weakness_level": "SUSPICIOUS", "is_weak": true}}
2025-11-03 20:37:11,666 - logger - INFO - {"timestamp": "2025-11-03T20:37:11.666960", "event_type": "entropy_analyzed", "data": {"address": "tb1qpawrsvmey5vgczg8rk9eg362mezpqtwtxl3e3u", "entropy": 4.5289, "weakness_level": "SUSPICIOUS", "is_weak": true}}
2025-11-03 20:37:11,667 - logger - INFO - {"timestamp": "2025-11-03T20:37:11.667235", "event_type": "entropy_analyzed", "data": {"address": "tb1qj76gvqnvn6amdyr755uf67v3jzv982rmmjxy2u", "entropy": 4.4157, "weakness_level": "SUSPICIOUS", "is_weak": true}}
2025-11-03 20:37:11,667 - logger - INFO - {"timestamp": "2025-11-03T20:37:11.667520", "event_type": "entropy_analyzed", "data": {"address": "tb1qjhnn96vdjczf3qs92vm8skngnkrjnrmuthg6zx", "entropy": 4.4313, "weakness_level": "SUSPICIOUS", "is_weak": true}}
2025-11-03 20:37:11,667 - logger - INFO - {"timestamp": "2025-11-03T20:37:11.667822", "event_type": "entropy_analyzed", "data": {"address": "2NENU9eA76LcjhyNpV7wTKWVsaHybBP6qjF", "entropy": 4.7077, "weakness_level": "SUSPICIOUS", "is_weak": true}}
2025-11-03 20:37:11,668 - logger - INFO - {"timestamp": "2025-11-03T20:37:11.668100", "event_type": "entropy_analyzed", "data": {"address": "2N5wGopS2U5kBZwQ1RNP2nDHbxPJoJAnJDc", "entropy": 4.4576, "weakness_level": "SUSPICIOUS", "is_weak": true}}
2025-11-03 20:37:11,668 - logger - INFO - {"timestamp": "2025-11-03T20:37:11.668378", "event_type": "entropy_analyzed", "data": {"address": "tb1pc8lqu9l3thvwl4f83zws89xwulafxgleepdm9lk4x6nk584u6axqfvhkyk", "entropy": 4.6432, "weakness_level": "SUSPICIOUS", "is_weak": true}}
2025-11-03 20:37:11,668 - logger - INFO - {"timestamp": "2025-11-03T20:37:11.668679", "event_type": "entropy_analyzed", "data": {"address": "tb1p7cxn89t8v3luwzzll5yhmlm4xzyvfh0dglqa9av3u780jajy04nscnnt8e", "entropy": 4.7261, "weakness_level": "SUSPICIOUS", "is_weak": true}}
2025-11-03 20:37:11,668 - logger - INFO - {"timestamp": "2025-11-03T20:37:11.668970", "event_type": "entropy_analyzed", "data": {"address": "tb1qx628udn26vdp8q3w089eaqznnnrxuj5uvrnyhl", "entropy": 4.4905, "weakness_level": "SUSPICIOUS", "is_weak": true}}
2025-11-03 20:37:11,669 - logger - INFO - {"timestamp": "2025-11-03T20:37:11.669250", "event_type": "entropy_analyzed", "data": {"address": "2Mth4myXTo9RMjZKNdcs6q58ox25jC1Qpwi", "entropy": 4.8436, "weakness_level": "SUSPICIOUS", "is_weak": true}}
2025-11-03 20:37:11,669 - logger - INFO - {"timestamp": "2025-11-03T20:37:11.669532", "event_type": "entropy_analyzed", "data": {"address": "2MuGb1NwJSXe5W1nGUs9TTgz57GQB1wFTd6", "entropy": 4.6074, "weakness_level": "SUSPICIOUS", "is_weak": true}}
2025-11-03 20:37:11,669 - logger - INFO - {"timestamp": "2025-11-03T20:37:11.669823", "event_type": "entropy_analyzed", "data": {"address": "2My1VGB3XXneq6S4MGnk4w2GLS7r36QLJa6", "entropy": 4.4004, "weakness_level": "SUSPICIOUS", "is_weak": true}}
2025-11-03 20:37:11,670 - logger - INFO - {"timestamp": "2025-11-03T20:37:11.670096", "event_type": "entropy_analyzed", "data": {"address": "2N8VCpjDPYfu49Z5DnQDkc4oJNLMtB8sfLL", "entropy": 4.629, "weakness_level": "SUSPICIOUS", "is_weak": true}}
2025-11-03 20:37:11,670 - logger - INFO - {"timestamp": "2025-11-03T20:37:11.670362", "event_type": "entropy_analyzed", "data": {"address": "2N2EEW59VUUPbsE9eim35WHqZrnMQoETUum", "entropy": 4.4791, "weakness_level": "SUSPICIOUS", "is_weak": true}}
2025-11-03 20:37:11,670 - logger - INFO - {"timestamp": "2025-11-03T20:37:11.670642", "event_type": "entropy_analyzed", "data": {"address": "2N1SWZYGpTWp97vywsbQ8SyEn2rDXrqz2NR", "entropy": 4.6506, "weakness_level": "SUSPICIOUS", "is_weak": true}}
2025-11-03 20:37:11,670 - logger - INFO - {"timestamp": "2025-11-03T20:37:11.670931", "event_type": "entropy_analyzed", "data": {"address": "2N5H3Eiw9cPfH3F5jodUXUmT9QXpZChA6Ue", "entropy": 4.7077, "weakness_level": "SUSPICIOUS", "is_weak": true}}
2025-11-03 20:37:11,671 - logger - INFO - {"timestamp": "2025-11-03T20:37:11.671942", "event_type": "entropy_analyzed", "data": {"address": "tb1p7l7p9rv8r6lhsr8l9n0vpe3r6du4f6xfkhpjsj09drnsrpj8wrtqwf0y24", "entropy": 4.5784, "weakness_level": "SUSPICIOUS", "is_weak": true}}
2025-11-03 20:37:11,672 - logger - INFO - {"timestamp": "2025-11-03T20:37:11.672451", "event_type": "entropy_analyzed", "data": {"address": "tb1qvgmdkjug5gk7plv8xn4lfn6fk4vwpztec0zmu6aduwgfvxjwchyskcuv9l", "entropy": 4.7505, "weakness_level": "SUSPICIOUS", "is_weak": true}}
2025-11-03 20:37:11,672 - logger - INFO - {"timestamp": "2025-11-03T20:37:11.672952", "event_type": "entropy_analyzed", "data": {"address": "tb1p5hxlqh08zkgy99srl3t4a7a5eygu4llx3g33tpssdd5rjqjatwkqjds0pc", "entropy": 4.6432, "weakness_level": "WEAK", "is_weak": true}}
2025-11-03 20:37:11,673 - logger - INFO - {"timestamp": "2025-11-03T20:37:11.673473", "event_type": "entropy_analyzed", "data": {"address": "mupRSix9gLY13iaMTjtn3kvNQcZYy1rd5c", "entropy": 4.7933, "weakness_level": "SUSPICIOUS", "is_weak": true}}
2025-11-03 20:37:11,673 - logger - INFO - {"timestamp": "2025-11-03T20:37:11.673966", "event_type": "entropy_analyzed", "data": {"address": "tb1q4fne3m7ae9mr3f4muzvacpxlej3wlsqrf6vxq9", "entropy": 4.4929, "weakness_level": "SUSPICIOUS", "is_weak": true}}
2025-11-03 20:37:11,674 - logger - INFO - {"timestamp": "2025-11-03T20:37:11.674422", "event_type": "entropy_analyzed", "data": {"address": "mpwSyzzT4hLJ2Fsytc62t5FRczUdusyDCo", "entropy": 4.5136, "weakness_level": "SUSPICIOUS", "is_weak": true}}
2025-11-03 20:37:11,675 - logger - INFO - {"timestamp": "2025-11-03T20:37:11.675016", "event_type": "entropy_analyzed", "data": {"address": "n33npN2oRNJFFpdoxkrm2CVyZAfRGFxALt", "entropy": 4.4182, "weakness_level": "SUSPICIOUS", "is_weak": true}}
2025-11-03 20:37:11,675 - logger - INFO - {"timestamp": "2025-11-03T20:37:11.675476", "event_type": "entropy_analyzed", "data": {"address": "tb1qw6vlsmu7qtwn40afuekck40ynce9nrydvtjuzy", "entropy": 4.5585, "weakness_level": "SUSPICIOUS", "is_weak": true}}
2025-11-03 20:37:11,675 - logger - INFO - {"timestamp": "2025-11-03T20:37:11.675948", "event_type": "entropy_analyzed", "data": {"address": "tb1qwej84sy2kw0a0f5hdgxqej2rqhl7xuhf6cl0ts", "entropy": 4.6241, "weakness_level": "SUSPICIOUS", "is_weak": true}}
2025-11-03 20:37:11,676 - logger - INFO - {"timestamp": "2025-11-03T20:37:11.676439", "event_type": "entropy_analyzed", "data": {"address": "tb1q7308qdrx449mhnrqnn86guav9sj2wq2nq9429z", "entropy": 4.4133, "weakness_level": "SUSPICIOUS", "is_weak": true}}
2025-11-03 20:37:11,677 - logger - INFO - {"timestamp": "2025-11-03T20:37:11.677143", "event_type": "entropy_analyzed", "data": {"address": "tb1qsjec07kxjwzyxm2c8uc744gjp7v3jzhzrpg6uq", "entropy": 4.5765, "weakness_level": "SUSPICIOUS", "is_weak": true}}
2025-11-03 20:37:11,677 - logger - INFO - {"timestamp": "2025-11-03T20:37:11.677720", "event_type": "entropy_analyzed", "data": {"address": "tb1qn5rrryjgsekl008a2py0rhc94m0dr3wsapuvw0", "entropy": 4.6014, "weakness_level": "SUSPICIOUS", "is_weak": true}}
2025-11-03 20:37:11,678 - logger - INFO - {"timestamp": "2025-11-03T20:37:11.678194", "event_type": "entropy_analyzed", "data": {"address": "tb1pmuzm5aqs94yf3dvjacw0u4h9lfv7w6lwz2lxk436s3my9w5nprlq2r8l6s", "entropy": 4.8229, "weakness_level": "SUSPICIOUS", "is_weak": true}}
2025-11-03 20:37:11,678 - logger - INFO - {"timestamp": "2025-11-03T20:37:11.678746", "event_type": "entropy_analyzed", "data": {"address": "tb1qtzkg8m7agdlruvtc8vsqyu3h2r7nv89aqajpft", "entropy": 4.5585, "weakness_level": "SUSPICIOUS", "is_weak": true}}
2025-11-03 20:37:11,679 - logger - INFO - {"timestamp": "2025-11-03T20:37:11.679491", "event_type": "entropy_analyzed", "data": {"address": "tb1q205m0dvhdtqrqlpdm06p8wnwwmvdae9mchlhg4", "entropy": 4.368, "weakness_level": "SUSPICIOUS", "is_weak": true}}
2025-11-03 20:37:11,680 - logger - INFO - {"timestamp": "2025-11-03T20:37:11.680373", "event_type": "entropy_analyzed", "data": {"address": "tb1qfswsvpktctzax2hq8y3xzkmjyjwtrsr8ruy5as", "entropy": 4.404, "weakness_level": "SUSPICIOUS", "is_weak": true}}
2025-11-03 20:37:11,680 - logger - INFO - {"timestamp": "2025-11-03T20:37:11.680823", "event_type": "entropy_analyzed", "data": {"address": "tb1qrpzy52te2q53htdmz0sqcqdfv3s6t77lcv29lp", "entropy": 4.422, "weakness_level": "SUSPICIOUS", "is_weak": true}}
2025-11-03 20:37:11,681 - logger - INFO - {"timestamp": "2025-11-03T20:37:11.681189", "event_type": "entropy_analyzed", "data": {"address": "tb1pc6mtdt43qa3e5k4g3vfthdtk0ns56vc637vkgcaht2py6yx3frfqcuyrgx", "entropy": 4.5849, "weakness_level": "SUSPICIOUS", "is_weak": true}}
2025-11-03 20:37:11,681 - logger - INFO - {"timestamp": "2025-11-03T20:37:11.681531", "event_type": "entropy_analyzed", "data": {"address": "tb1p4t63ca5dckk856qsp2ezsqz3jtutajzqmsxv06q839n08azl3cwssm9xfu", "entropy": 4.6537, "weakness_level": "SUSPICIOUS", "is_weak": true}}
2025-11-03 20:37:11,681 - logger - INFO - {"timestamp": "2025-11-03T20:37:11.681912", "event_type": "entropy_analyzed", "data": {"address": "tb1p9grhpvsefhw60cz08s8y2fafg652yx632snd7y9dqlxfeg6whdlqjzf5sr", "entropy": 4.7383, "weakness_level": "SUSPICIOUS", "is_weak": true}}
2025-11-03 20:37:11,682 - logger - INFO - {"timestamp": "2025-11-03T20:37:11.682258", "event_type": "entropy_analyzed", "data": {"address": "tb1pd5cuxct9cys4jfultj2np7tvjvqdmrjf4w3ptedpwrd3mm3ep0xq229l9n", "entropy": 4.5833, "weakness_level": "SUSPICIOUS", "is_weak": true}}
2025-11-03 20:37:11,682 - logger - INFO - {"timestamp": "2025-11-03T20:37:11.682603", "event_type": "entropy_analyzed", "data": {"address": "tb1pvnxtex4c5k3vysegyufy5jnrhqw28zy6umu85jzq2pgq90k07v0spsje68", "entropy": 4.8002, "weakness_level": "SUSPICIOUS", "is_weak": true}}
2025-11-03 20:37:11,682 - logger - INFO - {"timestamp": "2025-11-03T20:37:11.682933", "event_type": "entropy_analyzed", "data": {"address": "tb1pr2a4xxth0vq8cy6fp4u6za7shq55s3we3dmzgxjp2k8nnl2rdmjsw8dmxr", "entropy": 4.9012, "weakness_level": "SUSPICIOUS", "is_weak": true}}
2025-11-03 20:37:11,683 - logger - INFO - {"timestamp": "2025-11-03T20:37:11.683247", "event_type": "entropy_analyzed", "data": {"address": "tb1qse9satjazu4f07eq6u76hndevel6w86f477het", "entropy": 4.2884, "weakness_level": "SUSPICIOUS", "is_weak": true}}
2025-11-03 20:37:11,683 - logger - INFO - {"timestamp": "2025-11-03T20:37:11.683581", "event_type": "entropy_analyzed", "data": {"address": "tb1q3u0qym938hl5248955umcmegppag48780rwr8y", "entropy": 4.4133, "weakness_level": "SUSPICIOUS", "is_weak": true}}
2025-11-03 20:37:11,683 - logger - INFO - {"timestamp": "2025-11-03T20:37:11.683933", "event_type": "entropy_analyzed", "data": {"address": "tb1qjgknxyj00luy6fejedjsdwkak8txgea2t4dw2h", "entropy": 4.4157, "weakness_level": "SUSPICIOUS", "is_weak": true}}
2025-11-03 20:37:11,684 - logger - INFO - {"timestamp": "2025-11-03T20:37:11.684256", "event_type": "entropy_analyzed", "data": {"address": "tb1qmf3kxmmwxlzuncq5tef9pgfcwvlzgmy9xagt6h", "entropy": 4.4633, "weakness_level": "SUSPICIOUS", "is_weak": true}}
2025-11-03 20:37:11,684 - logger - INFO - {"timestamp": "2025-11-03T20:37:11.684595", "event_type": "entropy_analyzed", "data": {"address": "tb1qtedua6tg0wlzsf0l3el09cxpjwd2wk6v70cslm", "entropy": 4.5468, "weakness_level": "SUSPICIOUS", "is_weak": true}}
2025-11-03 20:37:11,684 - logger - INFO - {"timestamp": "2025-11-03T20:37:11.684933", "event_type": "entropy_analyzed", "data": {"address": "tb1qfyvkvwg2xhzxpuuhjqnmmklvnnr5dg3v32l4ya", "entropy": 4.5648, "weakness_level": "SUSPICIOUS", "is_weak": true}}
2025-11-03 20:37:11,685 - logger - INFO - {"timestamp": "2025-11-03T20:37:11.685244", "event_type": "entropy_analyzed", "data": {"address": "tb1qc0uhz8qh73l2ulpx4afu85ruxu3k29rydkdhtc", "entropy": 4.4789, "weakness_level": "SUSPICIOUS", "is_weak": true}}
2025-11-03 20:37:11,685 - logger - INFO - {"timestamp": "2025-11-03T20:37:11.685570", "event_type": "entropy_analyzed", "data": {"address": "tb1q5he2qp22qa64a6qp9pm47e8u6qnf6hwt5mnl88", "entropy": 4.2048, "weakness_level": "SUSPICIOUS", "is_weak": true}}
2025-11-03 20:37:11,685 - logger - INFO - {"timestamp": "2025-11-03T20:37:11.685903", "event_type": "entropy_analyzed", "data": {"address": "tb1qdhc2l3d3w348re4j70a0cykvmh47ptwu8fk9nh", "entropy": 4.6717, "weakness_level": "SUSPICIOUS", "is_weak": true}}
2025-11-03 20:37:11,686 - logger - INFO - {"timestamp": "2025-11-03T20:37:11.686216", "event_type": "entropy_analyzed", "data": {"address": "tb1qeesj2psr4nwgchdkph2rj0u6t0app5v0tgs6s9", "entropy": 4.4516, "weakness_level": "WEAK", "is_weak": true}}
2025-11-03 20:37:11,686 - logger - INFO - {"timestamp": "2025-11-03T20:37:11.686526", "event_type": "entropy_analyzed", "data": {"address": "tb1qjka5cvulkhxu244tvzdw6q8ungf9zr4q8nzwkd", "entropy": 4.5405, "weakness_level": "SUSPICIOUS", "is_weak": true}}
2025-11-03 20:37:11,686 - logger - INFO - {"timestamp": "2025-11-03T20:37:11.686867", "event_type": "entropy_analyzed", "data": {"address": "tb1qtmrfp2u5nk4jfmk5f4jeyvny59ezmlzxau9m8e", "entropy": 4.4336, "weakness_level": "SUSPICIOUS", "is_weak": true}}
2025-11-03 20:37:11,687 - logger - INFO - {"timestamp": "2025-11-03T20:37:11.687197", "event_type": "entropy_analyzed", "data": {"address": "tb1qkhfkacnyq2e9vwj6drzw92qhmp4tuk4y3lhrjx", "entropy": 4.6717, "weakness_level": "SUSPICIOUS", "is_weak": true}}
2025-11-03 20:37:11,687 - logger - INFO - {"timestamp": "2025-11-03T20:37:11.687513", "event_type": "entropy_analyzed", "data": {"address": "tb1q48rrf3p9u0uvf7ezmatt22c4nkxyvvgezrga5k", "entropy": 4.6241, "weakness_level": "SUSPICIOUS", "is_weak": true}}
2025-11-03 20:37:11,687 - logger - INFO - {"timestamp": "2025-11-03T20:37:11.687850", "event_type": "entropy_analyzed", "data": {"address": "tb1qu9pxx4cg8g87avedaf7vkpeqf5sa55jfll45du", "entropy": 4.404, "weakness_level": "SUSPICIOUS", "is_weak": true}}
2025-11-03 20:37:11,688 - logger - INFO - {"timestamp": "2025-11-03T20:37:11.688171", "event_type": "entropy_analyzed", "data": {"address": "tb1q8cjs6fhmlaaflzd9cegjlmu5fs6u67mhh8gcu0", "entropy": 4.3617, "weakness_level": "SUSPICIOUS", "is_weak": true}}
2025-11-03 20:37:11,688 - logger - INFO - {"timestamp": "2025-11-03T20:37:11.688482", "event_type": "entropy_analyzed", "data": {"address": "tb1qe53fq47trq7tnkjht55cgssthjypwvsw476q65", "entropy": 4.2704, "weakness_level": "SUSPICIOUS", "is_weak": true}}
2025-11-03 20:37:11,688 - logger - INFO - {"timestamp": "2025-11-03T20:37:11.688819", "event_type": "entropy_analyzed", "data": {"address": "tb1qhcgu6f353c2ranqkuwx8h74wyh4zzm5umlmqhl", "entropy": 4.5289, "weakness_level": "SUSPICIOUS", "is_weak": true}}
2025-11-03 20:37:11,689 - logger - INFO - {"timestamp": "2025-11-03T20:37:11.689130", "event_type": "entropy_analyzed", "data": {"address": "tb1qqtuwzvg9za98dwe7g7r202y6cxe82hl6tt64f7", "entropy": 4.5289, "weakness_level": "SUSPICIOUS", "is_weak": true}}
2025-11-03 20:37:11,689 - logger - INFO - {"timestamp": "2025-11-03T20:37:11.689464", "event_type": "entropy_analyzed", "data": {"address": "2MxQDRytQtPURyowd5ZgoJGJB53coMJBRNF", "entropy": 4.3789, "weakness_level": "SUSPICIOUS", "is_weak": true}}
2025-11-03 20:37:11,689 - logger - INFO - {"timestamp": "2025-11-03T20:37:11.689795", "event_type": "entropy_analyzed", "data": {"address": "2NDeDsPXziRBtdy2Wx2vAhpytWB7ufa8aJY", "entropy": 4.6506, "weakness_level": "SUSPICIOUS", "is_weak": true}}
2025-11-03 20:37:11,690 - logger - INFO - {"timestamp": "2025-11-03T20:37:11.690114", "event_type": "entropy_analyzed", "data": {"address": "tb1q292ugqqcklpnzlngn490h7n3f7ut0nt8tuxqxz", "entropy": 4.2408, "weakness_level": "SUSPICIOUS", "is_weak": true}}
2025-11-03 20:37:11,690 - logger - INFO - {"timestamp": "2025-11-03T20:37:11.690437", "event_type": "entropy_analyzed", "data": {"address": "tb1q3j3rhxqjvanvzu7fvtsjgn7svdcz52ssj4vmns", "entropy": 4.2977, "weakness_level": "SUSPICIOUS", "is_weak": true}}
2025-11-03 20:37:11,690 - logger - INFO - {"timestamp": "2025-11-03T20:37:11.690765", "event_type": "entropy_analyzed", "data": {"address": "tb1qsmul7238upywp3k6p4qm2a25tlp59glyn7jzr2", "entropy": 4.5172, "weakness_level": "SUSPICIOUS", "is_weak": true}}
2025-11-03 20:37:11,691 - logger - INFO - {"timestamp": "2025-11-03T20:37:11.691075", "event_type": "entropy_analyzed", "data": {"address": "tb1q4kw7vxcfy86y2mwhtsnqquyful6ux9ltr6kpe8", "entropy": 4.5405, "weakness_level": "SUSPICIOUS", "is_weak": true}}
2025-11-03 20:37:11,691 - logger - INFO - {"timestamp": "2025-11-03T20:37:11.691377", "event_type": "entropy_analyzed", "data": {"address": "tb1qnvlqx6jh5xpgl654z7c2h9ahhl4pxeh8qyc73n", "entropy": 4.4429, "weakness_level": "SUSPICIOUS", "is_weak": true}}
2025-11-03 20:37:11,691 - logger - INFO - {"timestamp": "2025-11-03T20:37:11.691702", "event_type": "entropy_analyzed", "data": {"address": "tb1qm8ucg0d2ty7fqre9zx9j0dd56f676xvyjxpl47", "entropy": 4.6061, "weakness_level": "SUSPICIOUS", "is_weak": true}}
2025-11-03 20:37:11,692 - logger - INFO - {"timestamp": "2025-11-03T20:37:11.692026", "event_type": "entropy_analyzed", "data": {"address": "tb1qtnus3wmqyrspcw24xc2agc7qvtfs4yvuf0xj0p", "entropy": 4.4633, "weakness_level": "SUSPICIOUS", "is_weak": true}}
2025-11-03 20:37:11,692 - logger - INFO - {"timestamp": "2025-11-03T20:37:11.692352", "event_type": "entropy_analyzed", "data": {"address": "tb1qw2c3lxufxqe2x9s4rdzh65tpf4d7fssjgh8nv6", "entropy": 4.7193, "weakness_level": "SUSPICIOUS", "is_weak": true}}
2025-11-03 20:37:11,692 - logger - INFO - {"timestamp": "2025-11-03T20:37:11.692698", "event_type": "entropy_analyzed", "data": {"address": "tb1qgd9r4gxrg2razvfut5qnje0naauag8agzya06e", "entropy": 4.3001, "weakness_level": "SUSPICIOUS", "is_weak": true}}
2025-11-03 20:37:11,693 - logger - INFO - {"timestamp": "2025-11-03T20:37:11.693058", "event_type": "entropy_analyzed", "data": {"address": "tb1qlslwed2t06mrahctucgz38w6r7hncpvy6y0nc4", "entropy": 4.6421, "weakness_level": "SUSPICIOUS", "is_weak": true}}
2025-11-03 20:37:11,693 - logger - INFO - {"timestamp": "2025-11-03T20:37:11.693384", "event_type": "entropy_analyzed", "data": {"address": "tb1qzjce5zw7j3ugd0hvcfkm4j4y5ly7sqcjjzql2u", "entropy": 4.4905, "weakness_level": "SUSPICIOUS", "is_weak": true}}
2025-11-03 20:37:11,693 - __main__ - INFO - Entropy analysis progress: 100/100
2025-11-03 20:37:11,695 - __main__ - INFO - Checkpoint saved: ./checkpoint.json
2025-11-03 20:37:11,695 - logger - INFO - {"timestamp": "2025-11-03T20:37:11.695737", "event_type": "checkpoint_saved", "data": {"addresses_processed": 100, "weak_found": 100}}
2025-11-03 20:37:11,695 - __main__ - INFO - Entropy analysis complete: 100 addresses analyzed
2025-11-03 20:37:11,695 - __main__ - INFO - Weak addresses identified: 200
2025-11-03 20:37:11,695 - __main__ - INFO - 
======================================================================
2025-11-03 20:37:11,695 - __main__ - INFO - STAGE 3: PATTERN DETECTION
2025-11-03 20:37:11,695 - __main__ - INFO - ======================================================================
2025-11-03 20:37:11,696 - __main__ - INFO - Starting pattern detection
2025-11-03 20:37:11,696 - pattern_detector - INFO - Running comprehensive pattern detection
2025-11-03 20:37:11,696 - pattern_detector - INFO - Detecting sequential address patterns
2025-11-03 20:37:11,696 - pattern_detector - INFO - Found 0 sequential patterns
2025-11-03 20:37:11,697 - pattern_detector - INFO - Detecting temporal clusters (window: 60 minutes)
2025-11-03 20:37:11,697 - pattern_detector - INFO - Found 9 temporal clusters
2025-11-03 20:37:11,697 - pattern_detector - INFO - Detecting low entropy groups
2025-11-03 20:37:11,697 - pattern_detector - INFO - Found 1 low entropy groups
2025-11-03 20:37:11,697 - pattern_detector - INFO - Detecting MT19937 PRNG fingerprints
2025-11-03 20:37:11,697 - pattern_detector - INFO - Found 0 MT19937 fingerprints
2025-11-03 20:37:11,697 - pattern_detector - INFO - Pattern detection complete: 10 patterns found
2025-11-03 20:37:11,697 - logger - INFO - {"timestamp": "2025-11-03T20:37:11.697451", "event_type": "patterns_detected", "data": {"total_patterns": 10, "by_type": {}}}
2025-11-03 20:37:11,697 - __main__ - INFO - Pattern detection complete: 10 patterns found
2025-11-03 20:37:11,697 - __main__ - INFO - 
======================================================================
2025-11-03 20:37:11,697 - __main__ - INFO - STAGE 4: KEY RECOVERY
2025-11-03 20:37:11,697 - __main__ - INFO - ======================================================================
2025-11-03 20:37:11,697 - __main__ - INFO - Starting key recovery phase
2025-11-03 20:37:11,697 - pattern_detector - INFO - Identifying high-priority targets for key recovery
2025-11-03 20:37:11,697 - pattern_detector - INFO - Identified 100 high-priority targets
2025-11-03 20:37:11,697 - __main__ - INFO - Identified 100 high-priority targets
2025-11-03 20:37:11,698 - key_recovery - INFO - Starting batch key recovery for 100 targets
2025-11-03 20:37:11,698 - key_recovery - INFO - Recovery attempt 1/100: tb1qeesj2psr4nwgchdkph2rj0u6t0app5v0tgs6s9
2025-11-03 20:37:11,698 - key_recovery - INFO - Attempting key recovery for address: tb1qeesj2psr4nwgchdkph2rj0u6t0app5v0tgs6s9
2025-11-03 20:37:11,698 - key_recovery - INFO - Priority score: 74.00
2025-11-03 20:37:11,698 - prng_reconstructor - INFO - Starting parallel seed reconstruction for tb1qeesj2psr4nwgchdkph2rj0u6t0app5v0tgs6s9
2025-11-03 20:37:11,698 - prng_reconstructor - INFO - Seed space: 0 to 1,048,576 (1.048576e+06)
2025-11-03 20:37:11,698 - prng_reconstructor - INFO - Workers: 2
2025-11-03 21:00:49,234 - prng_reconstructor - INFO - Seed reconstruction failed: no match found in search space
2025-11-03 21:00:49,235 - key_recovery - WARNING - Key recovery failed for tb1qeesj2psr4nwgchdkph2rj0u6t0app5v0tgs6s9: no seed found
2025-11-03 21:00:49,235 - key_recovery - INFO - Recovery attempt 2/100: tb1p5hxlqh08zkgy99srl3t4a7a5eygu4llx3g33tpssdd5rjqjatwkqjds0pc
2025-11-03 21:00:49,235 - key_recovery - INFO - Attempting key recovery for address: tb1p5hxlqh08zkgy99srl3t4a7a5eygu4llx3g33tpssdd5rjqjatwkqjds0pc
2025-11-03 21:00:49,235 - key_recovery - INFO - Priority score: 70.00
2025-11-03 21:00:49,235 - prng_reconstructor - INFO - Starting parallel seed reconstruction for tb1p5hxlqh08zkgy99srl3t4a7a5eygu4llx3g33tpssdd5rjqjatwkqjds0pc
2025-11-03 21:00:49,235 - prng_reconstructor - INFO - Seed space: 0 to 1,048,576 (1.048576e+06)
2025-11-03 21:00:49,235 - prng_reconstructor - INFO - Workers: 2
2025-11-04 02:07:37,569 - logger - INFO - ScanLogger initialized
2025-11-04 02:07:37,570 - prng_reconstructor - INFO - PRNG Reconstructor initialized: mode=test, seed_space=1,048,576
2025-11-04 02:07:37,570 - validator - INFO - Validator initialized in TESTNET-ONLY mode
2025-11-04 02:07:37,570 - __main__ - INFO - WeakKeyScanner initialized
2025-11-04 02:07:37,570 - __main__ - INFO - Mode: test
2025-11-04 02:07:37,570 - __main__ - INFO - Network: testnet
2025-11-04 02:07:37,570 - __main__ - INFO - ======================================================================
2025-11-04 02:07:37,570 - __main__ - INFO - BITCOIN WEAK KEY SCANNER - STARTING FULL SCAN
2025-11-04 02:07:37,570 - __main__ - INFO - ======================================================================
2025-11-04 02:07:37,570 - __main__ - INFO - Target addresses: 100
2025-11-04 02:07:37,570 - __main__ - INFO - Network: testnet
2025-11-04 02:07:37,570 - __main__ - INFO - Mode: test
2025-11-04 02:07:37,571 - logger - INFO - {"timestamp": "2025-11-04T02:07:37.570979", "event_type": "scan_start", "data": {"target_address_count": 100, "config": {"mode": "test", "seed_space": 1048576, "parallel_workers": 2}, "network": "testnet"}}
2025-11-04 02:07:37,578 - __main__ - INFO - Checkpoint loaded: ./checkpoint.json
2025-11-04 02:07:37,578 - __main__ - INFO - Resumed from checkpoint: 100 addresses already processed
2025-11-04 02:07:37,578 - __main__ - INFO - Resuming from checkpoint
2025-11-04 02:07:37,578 - __main__ - INFO - 
======================================================================
2025-11-04 02:07:37,578 - __main__ - INFO - STAGE 1: ADDRESS COLLECTION
2025-11-04 02:07:37,578 - __main__ - INFO - ======================================================================
2025-11-04 02:07:37,578 - __main__ - INFO - Starting address collection: target=0
2025-11-04 02:07:37,579 - address_collector - INFO - Starting address collection stream (target: 0)
2025-11-04 02:07:37,962 - address_collector - INFO - Retrieved 10 recent blocks
2025-11-04 02:07:37,962 - address_collector - INFO - Address collection complete: 0 addresses collected
2025-11-04 02:07:37,962 - __main__ - INFO - Address collection complete: 0 addresses
2025-11-04 02:07:37,962 - __main__ - INFO - 
======================================================================
2025-11-04 02:07:37,962 - __main__ - INFO - STAGE 2: ENTROPY ANALYSIS
2025-11-04 02:07:37,963 - __main__ - INFO - ======================================================================
2025-11-04 02:07:37,963 - __main__ - INFO - Starting entropy analysis: 0 addresses
2025-11-04 02:07:37,963 - __main__ - INFO - Entropy analysis complete: 0 addresses analyzed
2025-11-04 02:07:37,963 - __main__ - INFO - Weak addresses identified: 100
2025-11-04 02:07:37,963 - __main__ - INFO - 
======================================================================
2025-11-04 02:07:37,963 - __main__ - INFO - STAGE 3: PATTERN DETECTION
2025-11-04 02:07:37,963 - __main__ - INFO - ======================================================================
2025-11-04 02:07:37,963 - __main__ - INFO - Starting pattern detection
2025-11-04 02:07:37,963 - pattern_detector - INFO - Running comprehensive pattern detection
2025-11-04 02:07:37,963 - pattern_detector - INFO - Detecting sequential address patterns
2025-11-04 02:07:37,964 - pattern_detector - INFO - Found 0 sequential patterns
2025-11-04 02:07:37,964 - pattern_detector - INFO - Detecting temporal clusters (window: 60 minutes)
2025-11-04 02:07:37,964 - pattern_detector - INFO - Found 9 temporal clusters
2025-11-04 02:07:37,964 - pattern_detector - INFO - Detecting low entropy groups
2025-11-04 02:07:37,964 - pattern_detector - INFO - Found 1 low entropy groups
2025-11-04 02:07:37,964 - pattern_detector - INFO - Detecting MT19937 PRNG fingerprints
2025-11-04 02:07:37,965 - pattern_detector - INFO - Found 0 MT19937 fingerprints
2025-11-04 02:07:37,965 - pattern_detector - INFO - Pattern detection complete: 10 patterns found
2025-11-04 02:07:37,965 - logger - INFO - {"timestamp": "2025-11-04T02:07:37.965163", "event_type": "patterns_detected", "data": {"total_patterns": 10, "by_type": {}}}
2025-11-04 02:07:37,965 - __main__ - INFO - Pattern detection complete: 10 patterns found
2025-11-04 02:07:37,965 - __main__ - INFO - 
======================================================================
2025-11-04 02:07:37,965 - __main__ - INFO - STAGE 4: KEY RECOVERY
2025-11-04 02:07:37,965 - __main__ - INFO - ======================================================================
2025-11-04 02:07:37,965 - __main__ - INFO - Starting key recovery phase
2025-11-04 02:07:37,965 - pattern_detector - INFO - Identifying high-priority targets for key recovery
2025-11-04 02:07:37,965 - pattern_detector - INFO - Identified 100 high-priority targets
2025-11-04 02:07:37,965 - __main__ - INFO - Identified 100 high-priority targets
2025-11-04 02:07:37,966 - key_recovery - INFO - Starting batch key recovery for 100 targets
2025-11-04 02:07:37,966 - key_recovery - INFO - Recovery attempt 1/100: tb1qeesj2psr4nwgchdkph2rj0u6t0app5v0tgs6s9
2025-11-04 02:07:37,966 - key_recovery - INFO - Attempting key recovery for address: tb1qeesj2psr4nwgchdkph2rj0u6t0app5v0tgs6s9
2025-11-04 02:07:37,966 - key_recovery - INFO - Priority score: 52.00
2025-11-04 02:07:37,966 - prng_reconstructor - INFO - Starting parallel seed reconstruction for tb1qeesj2psr4nwgchdkph2rj0u6t0app5v0tgs6s9
2025-11-04 02:07:37,966 - prng_reconstructor - INFO - Seed space: 0 to 1,048,576 (1.048576e+06)
2025-11-04 02:07:37,966 - prng_reconstructor - INFO - Workers: 2
2025-11-04 02:10:31,181 - logger - INFO - ScanLogger initialized
2025-11-04 02:10:31,181 - prng_reconstructor - INFO - PRNG Reconstructor initialized: mode=test, seed_space=1,048,576
2025-11-04 02:10:31,181 - validator - INFO - Validator initialized in TESTNET-ONLY mode
2025-11-04 02:10:31,181 - __main__ - INFO - WeakKeyScanner initialized
2025-11-04 02:10:31,181 - __main__ - INFO - Mode: test
2025-11-04 02:10:31,181 - __main__ - INFO - Network: testnet
2025-11-04 02:10:31,181 - __main__ - INFO - ======================================================================
2025-11-04 02:10:31,181 - __main__ - INFO - BITCOIN WEAK KEY SCANNER - STARTING FULL SCAN
2025-11-04 02:10:31,181 - __main__ - INFO - ======================================================================
2025-11-04 02:10:31,182 - __main__ - INFO - Target addresses: 100
2025-11-04 02:10:31,182 - __main__ - INFO - Network: testnet
2025-11-04 02:10:31,182 - __main__ - INFO - Mode: test
2025-11-04 02:10:31,182 - logger - INFO - {"timestamp": "2025-11-04T02:10:31.182225", "event_type": "scan_start", "data": {"target_address_count": 100, "config": {"mode": "test", "seed_space": 1048576, "parallel_workers": 6}, "network": "testnet"}}
2025-11-04 02:10:31,183 - __main__ - INFO - Checkpoint loaded: ./checkpoint.json
2025-11-04 02:10:31,183 - __main__ - INFO - Resumed from checkpoint: 100 addresses already processed
2025-11-04 02:10:31,183 - __main__ - INFO - Resuming from checkpoint
2025-11-04 02:10:31,183 - __main__ - INFO - 
======================================================================
2025-11-04 02:10:31,183 - __main__ - INFO - STAGE 1: ADDRESS COLLECTION
2025-11-04 02:10:31,183 - __main__ - INFO - ======================================================================
2025-11-04 02:10:31,183 - __main__ - INFO - Starting address collection: target=0
2025-11-04 02:10:31,183 - address_collector - INFO - Starting address collection stream (target: 0)
2025-11-04 02:10:31,526 - address_collector - INFO - Retrieved 10 recent blocks
2025-11-04 02:10:31,527 - address_collector - INFO - Address collection complete: 0 addresses collected
2025-11-04 02:10:31,527 - __main__ - INFO - Address collection complete: 0 addresses
2025-11-04 02:10:31,528 - __main__ - INFO - 
======================================================================
2025-11-04 02:10:31,528 - __main__ - INFO - STAGE 2: ENTROPY ANALYSIS
2025-11-04 02:10:31,528 - __main__ - INFO - ======================================================================
2025-11-04 02:10:31,528 - __main__ - INFO - Starting entropy analysis: 0 addresses
2025-11-04 02:10:31,528 - __main__ - INFO - Entropy analysis complete: 0 addresses analyzed
2025-11-04 02:10:31,528 - __main__ - INFO - Weak addresses identified: 100
2025-11-04 02:10:31,528 - __main__ - INFO - 
======================================================================
2025-11-04 02:10:31,529 - __main__ - INFO - STAGE 3: PATTERN DETECTION
2025-11-04 02:10:31,529 - __main__ - INFO - ======================================================================
2025-11-04 02:10:31,529 - __main__ - INFO - Starting pattern detection
2025-11-04 02:10:31,529 - pattern_detector - INFO - Running comprehensive pattern detection
2025-11-04 02:10:31,529 - pattern_detector - INFO - Detecting sequential address patterns
2025-11-04 02:10:31,530 - pattern_detector - INFO - Found 0 sequential patterns
2025-11-04 02:10:31,530 - pattern_detector - INFO - Detecting temporal clusters (window: 60 minutes)
2025-11-04 02:10:31,530 - pattern_detector - INFO - Found 9 temporal clusters
2025-11-04 02:10:31,531 - pattern_detector - INFO - Detecting low entropy groups
2025-11-04 02:10:31,531 - pattern_detector - INFO - Found 1 low entropy groups
2025-11-04 02:10:31,531 - pattern_detector - INFO - Detecting MT19937 PRNG fingerprints
2025-11-04 02:10:31,531 - pattern_detector - INFO - Found 0 MT19937 fingerprints
2025-11-04 02:10:31,531 - pattern_detector - INFO - Pattern detection complete: 10 patterns found
2025-11-04 02:10:31,532 - logger - INFO - {"timestamp": "2025-11-04T02:10:31.531983", "event_type": "patterns_detected", "data": {"total_patterns": 10, "by_type": {}}}
2025-11-04 02:10:31,532 - __main__ - INFO - Pattern detection complete: 10 patterns found
2025-11-04 02:10:31,532 - __main__ - INFO - 
======================================================================
2025-11-04 02:10:31,532 - __main__ - INFO - STAGE 4: KEY RECOVERY
2025-11-04 02:10:31,532 - __main__ - INFO - ======================================================================
2025-11-04 02:10:31,532 - __main__ - INFO - Starting key recovery phase
2025-11-04 02:10:31,533 - pattern_detector - INFO - Identifying high-priority targets for key recovery
2025-11-04 02:10:31,533 - pattern_detector - INFO - Identified 100 high-priority targets
2025-11-04 02:10:31,533 - __main__ - INFO - Identified 100 high-priority targets
2025-11-04 02:10:31,533 - key_recovery - INFO - Starting batch key recovery for 100 targets
2025-11-04 02:10:31,533 - key_recovery - INFO - Recovery attempt 1/100: tb1qeesj2psr4nwgchdkph2rj0u6t0app5v0tgs6s9
2025-11-04 02:10:31,534 - key_recovery - INFO - Attempting key recovery for address: tb1qeesj2psr4nwgchdkph2rj0u6t0app5v0tgs6s9
2025-11-04 02:10:31,534 - key_recovery - INFO - Priority score: 52.00
2025-11-04 02:10:31,534 - prng_reconstructor - INFO - Starting parallel seed reconstruction for tb1qeesj2psr4nwgchdkph2rj0u6t0app5v0tgs6s9
2025-11-04 02:10:31,534 - prng_reconstructor - INFO - Seed space: 0 to 1,048,576 (1.048576e+06)
2025-11-04 02:10:31,534 - prng_reconstructor - INFO - Workers: 6
2025-11-04 02:41:45,619 - prng_reconstructor - INFO - Seed reconstruction failed: no match found in search space
2025-11-04 02:41:45,704 - key_recovery - WARNING - Key recovery failed for tb1qeesj2psr4nwgchdkph2rj0u6t0app5v0tgs6s9: no seed found
2025-11-04 02:41:45,723 - key_recovery - INFO - Recovery attempt 2/100: tb1p5hxlqh08zkgy99srl3t4a7a5eygu4llx3g33tpssdd5rjqjatwkqjds0pc
2025-11-04 02:41:45,724 - key_recovery - INFO - Attempting key recovery for address: tb1p5hxlqh08zkgy99srl3t4a7a5eygu4llx3g33tpssdd5rjqjatwkqjds0pc
2025-11-04 02:41:45,724 - key_recovery - INFO - Priority score: 50.00
2025-11-04 02:41:45,725 - prng_reconstructor - INFO - Starting parallel seed reconstruction for tb1p5hxlqh08zkgy99srl3t4a7a5eygu4llx3g33tpssdd5rjqjatwkqjds0pc
2025-11-04 02:41:45,725 - prng_reconstructor - INFO - Seed space: 0 to 1,048,576 (1.048576e+06)
2025-11-04 02:41:45,725 - prng_reconstructor - INFO - Workers: 6
2025-11-04 03:12:43,848 - prng_reconstructor - INFO - Seed reconstruction failed: no match found in search space
2025-11-04 03:12:43,883 - key_recovery - WARNING - Key recovery failed for tb1p5hxlqh08zkgy99srl3t4a7a5eygu4llx3g33tpssdd5rjqjatwkqjds0pc: no seed found
2025-11-04 03:12:43,883 - key_recovery - INFO - Recovery attempt 3/100: tb1pr2a4xxth0vq8cy6fp4u6za7shq55s3we3dmzgxjp2k8nnl2rdmjsw8dmxr
2025-11-04 03:12:43,905 - key_recovery - INFO - Attempting key recovery for address: tb1pr2a4xxth0vq8cy6fp4u6za7shq55s3we3dmzgxjp2k8nnl2rdmjsw8dmxr
2025-11-04 03:12:43,905 - key_recovery - INFO - Priority score: 49.00
2025-11-04 03:12:43,905 - prng_reconstructor - INFO - Starting parallel seed reconstruction for tb1pr2a4xxth0vq8cy6fp4u6za7shq55s3we3dmzgxjp2k8nnl2rdmjsw8dmxr
2025-11-04 03:12:43,905 - prng_reconstructor - INFO - Seed space: 0 to 1,048,576 (1.048576e+06)
2025-11-04 03:12:43,905 - prng_reconstructor - INFO - Workers: 6
2025-11-04 03:47:21,314 - prng_reconstructor - INFO - Seed reconstruction failed: no match found in search space
2025-11-04 03:47:23,409 - key_recovery - WARNING - Key recovery failed for tb1pr2a4xxth0vq8cy6fp4u6za7shq55s3we3dmzgxjp2k8nnl2rdmjsw8dmxr: no seed found
2025-11-04 03:47:23,423 - key_recovery - INFO - Recovery attempt 4/100: tb1qqws3aatj6jz2nz8d7zefwmtmcccx4umlc5ygr7
2025-11-04 03:47:23,423 - key_recovery - INFO - Attempting key recovery for address: tb1qqws3aatj6jz2nz8d7zefwmtmcccx4umlc5ygr7
2025-11-04 03:47:23,431 - key_recovery - INFO - Priority score: 47.00
2025-11-04 03:47:23,431 - prng_reconstructor - INFO - Starting parallel seed reconstruction for tb1qqws3aatj6jz2nz8d7zefwmtmcccx4umlc5ygr7
2025-11-04 03:47:23,489 - prng_reconstructor - INFO - Seed space: 0 to 1,048,576 (1.048576e+06)
2025-11-04 03:47:23,489 - prng_reconstructor - INFO - Workers: 6
2025-11-04 04:21:19,652 - prng_reconstructor - INFO - Seed reconstruction failed: no match found in search space
2025-11-04 04:21:19,827 - key_recovery - WARNING - Key recovery failed for tb1qqws3aatj6jz2nz8d7zefwmtmcccx4umlc5ygr7: no seed found
2025-11-04 04:21:19,828 - key_recovery - INFO - Recovery attempt 5/100: tb1qp8z86v0y78pv58ht8y4a7yqxf28096dlcqwhku
2025-11-04 04:21:19,828 - key_recovery - INFO - Attempting key recovery for address: tb1qp8z86v0y78pv58ht8y4a7yqxf28096dlcqwhku
2025-11-04 04:21:19,828 - key_recovery - INFO - Priority score: 47.00
2025-11-04 04:21:19,828 - prng_reconstructor - INFO - Starting parallel seed reconstruction for tb1qp8z86v0y78pv58ht8y4a7yqxf28096dlcqwhku
2025-11-04 04:21:19,829 - prng_reconstructor - INFO - Seed space: 0 to 1,048,576 (1.048576e+06)
2025-11-04 04:21:19,829 - prng_reconstructor - INFO - Workers: 6
2025-11-05 16:30:46,201 - logger - INFO - ScanLogger initialized
2025-11-05 16:30:46,239 - prng_reconstructor - INFO - PRNG Reconstructor initialized: mode=test, seed_space=65,536
2025-11-05 16:30:46,301 - validator - INFO - Validator initialized in TESTNET-ONLY mode
2025-11-05 16:30:46,301 - __main__ - INFO - WeakKeyScanner initialized
2025-11-05 16:30:46,301 - __main__ - INFO - Mode: test
2025-11-05 16:30:46,301 - __main__ - INFO - Network: testnet
2025-11-05 16:30:46,301 - __main__ - INFO - ======================================================================
2025-11-05 16:30:46,302 - __main__ - INFO - BITCOIN WEAK KEY SCANNER - STARTING FULL SCAN
2025-11-05 16:30:46,302 - __main__ - INFO - ======================================================================
2025-11-05 16:30:46,302 - __main__ - INFO - Target addresses: 10
2025-11-05 16:30:46,302 - __main__ - INFO - Network: testnet
2025-11-05 16:30:46,302 - __main__ - INFO - Mode: test
2025-11-05 16:30:46,302 - logger - INFO - {"timestamp": "2025-11-05T16:30:46.302175", "event_type": "scan_start", "data": {"target_address_count": 10, "config": {"mode": "test", "seed_space": 65536, "parallel_workers": 4}, "network": "testnet"}}
2025-11-05 16:30:46,302 - __main__ - INFO - Checkpoint loaded: ./checkpoint.json
2025-11-05 16:30:46,303 - __main__ - INFO - Resumed from checkpoint: 10 addresses already processed
2025-11-05 16:30:46,303 - __main__ - INFO - Resuming from checkpoint
2025-11-05 16:30:46,303 - __main__ - INFO - 
======================================================================
2025-11-05 16:30:46,303 - __main__ - INFO - STAGE 1: ADDRESS COLLECTION
2025-11-05 16:30:46,303 - __main__ - INFO - ======================================================================
2025-11-05 16:30:46,303 - __main__ - INFO - Starting address collection: target=0
2025-11-05 16:30:46,303 - address_collector - INFO - Starting address collection stream (target: 0)
2025-11-05 16:30:46,686 - address_collector - INFO - Retrieved 10 recent blocks
2025-11-05 16:30:46,687 - address_collector - INFO - Address collection complete: 0 addresses collected
2025-11-05 16:30:46,687 - __main__ - INFO - Address collection complete: 0 addresses
2025-11-05 16:30:46,687 - __main__ - INFO - 
======================================================================
2025-11-05 16:30:46,687 - __main__ - INFO - STAGE 2: ENTROPY ANALYSIS
2025-11-05 16:30:46,687 - __main__ - INFO - ======================================================================
2025-11-05 16:30:46,687 - __main__ - INFO - Starting entropy analysis: 0 addresses
2025-11-05 16:30:46,687 - __main__ - INFO - Entropy analysis complete: 0 addresses analyzed
2025-11-05 16:30:46,687 - __main__ - INFO - Weak addresses identified: 100
2025-11-05 16:30:46,687 - __main__ - INFO - 
======================================================================
2025-11-05 16:30:46,687 - __main__ - INFO - STAGE 3: PATTERN DETECTION
2025-11-05 16:30:46,687 - __main__ - INFO - ======================================================================
2025-11-05 16:30:46,687 - __main__ - INFO - Starting pattern detection
2025-11-05 16:30:46,687 - pattern_detector - INFO - Running comprehensive pattern detection
2025-11-05 16:30:46,687 - pattern_detector - INFO - Detecting sequential address patterns
2025-11-05 16:30:46,688 - pattern_detector - INFO - Found 0 sequential patterns
2025-11-05 16:30:46,688 - pattern_detector - INFO - Detecting temporal clusters (window: 60 minutes)
2025-11-05 16:30:46,688 - pattern_detector - INFO - Found 1 temporal clusters
2025-11-05 16:30:46,688 - pattern_detector - INFO - Detecting low entropy groups
2025-11-05 16:30:46,688 - pattern_detector - INFO - Found 1 low entropy groups
2025-11-05 16:30:46,688 - pattern_detector - INFO - Detecting MT19937 PRNG fingerprints
2025-11-05 16:30:46,688 - pattern_detector - INFO - Found 0 MT19937 fingerprints
2025-11-05 16:30:46,688 - pattern_detector - INFO - Pattern detection complete: 2 patterns found
2025-11-05 16:30:46,688 - logger - INFO - {"timestamp": "2025-11-05T16:30:46.688709", "event_type": "patterns_detected", "data": {"total_patterns": 2, "by_type": {}}}
2025-11-05 16:30:46,688 - __main__ - INFO - Pattern detection complete: 2 patterns found
2025-11-05 16:30:46,688 - __main__ - INFO - 
======================================================================
2025-11-05 16:30:46,689 - __main__ - INFO - STAGE 4: KEY RECOVERY
2025-11-05 16:30:46,689 - __main__ - INFO - ======================================================================
2025-11-05 16:30:46,689 - __main__ - INFO - Starting key recovery phase
2025-11-05 16:30:46,689 - pattern_detector - INFO - Identifying high-priority targets for key recovery
2025-11-05 16:30:46,689 - pattern_detector - INFO - Identified 100 high-priority targets
2025-11-05 16:30:46,690 - __main__ - INFO - Identified 100 high-priority targets
2025-11-05 16:30:46,690 - key_recovery - INFO - Starting batch key recovery for 100 targets
2025-11-05 16:30:46,690 - key_recovery - INFO - Recovery attempt 1/100: tb1pw2hn68wgx9nqhq9nhq35h8pthkxnv4afp9klzka9mrhf9cjg2jxqawcvhx
2025-11-05 16:30:46,690 - key_recovery - INFO - Attempting key recovery for address: tb1pw2hn68wgx9nqhq9nhq35h8pthkxnv4afp9klzka9mrhf9cjg2jxqawcvhx
2025-11-05 16:30:46,690 - key_recovery - INFO - Priority score: 30.00
2025-11-05 16:30:46,690 - prng_reconstructor - INFO - Starting parallel seed reconstruction for tb1pw2hn68wgx9nqhq9nhq35h8pthkxnv4afp9klzka9mrhf9cjg2jxqawcvhx
2025-11-05 16:30:46,690 - prng_reconstructor - INFO - Seed space: 0 to 65,536 (6.553600e+04)
2025-11-05 16:30:46,690 - prng_reconstructor - INFO - Workers: 4
2025-11-05 16:32:45,107 - prng_reconstructor - INFO - Seed reconstruction failed: no match found in search space
2025-11-05 16:32:45,108 - key_recovery - WARNING - Key recovery failed for tb1pw2hn68wgx9nqhq9nhq35h8pthkxnv4afp9klzka9mrhf9cjg2jxqawcvhx: no seed found
2025-11-05 16:32:45,108 - key_recovery - INFO - Recovery attempt 2/100: tb1qf9386ynqyz9cek685qn483dx9u2nsezf4fug2r
2025-11-05 16:32:45,108 - key_recovery - INFO - Attempting key recovery for address: tb1qf9386ynqyz9cek685qn483dx9u2nsezf4fug2r
2025-11-05 16:32:45,108 - key_recovery - INFO - Priority score: 27.00
2025-11-05 16:32:45,108 - prng_reconstructor - INFO - Starting parallel seed reconstruction for tb1qf9386ynqyz9cek685qn483dx9u2nsezf4fug2r
2025-11-05 16:32:45,108 - prng_reconstructor - INFO - Seed space: 0 to 65,536 (6.553600e+04)
2025-11-05 16:32:45,108 - prng_reconstructor - INFO - Workers: 4
2025-11-05 16:34:43,529 - prng_reconstructor - INFO - Seed reconstruction failed: no match found in search space
2025-11-05 16:34:43,529 - key_recovery - WARNING - Key recovery failed for tb1qf9386ynqyz9cek685qn483dx9u2nsezf4fug2r: no seed found
2025-11-05 16:34:43,529 - key_recovery - INFO - Recovery attempt 3/100: tb1qpw693a6l8yvp25n88gz3hjwr5pq3lfpnfdersa
2025-11-05 16:34:43,529 - key_recovery - INFO - Attempting key recovery for address: tb1qpw693a6l8yvp25n88gz3hjwr5pq3lfpnfdersa
2025-11-05 16:34:43,529 - key_recovery - INFO - Priority score: 27.00
2025-11-05 16:34:43,529 - prng_reconstructor - INFO - Starting parallel seed reconstruction for tb1qpw693a6l8yvp25n88gz3hjwr5pq3lfpnfdersa
2025-11-05 16:34:43,529 - prng_reconstructor - INFO - Seed space: 0 to 65,536 (6.553600e+04)
2025-11-05 16:34:43,529 - prng_reconstructor - INFO - Workers: 4
2025-11-05 16:36:44,862 - prng_reconstructor - INFO - Seed reconstruction failed: no match found in search space
2025-11-05 16:36:44,862 - key_recovery - WARNING - Key recovery failed for tb1qpw693a6l8yvp25n88gz3hjwr5pq3lfpnfdersa: no seed found
2025-11-05 16:36:44,862 - key_recovery - INFO - Recovery attempt 4/100: mp52VHqmkNgzzuuM9Fcc6uXrrzH4SvL3Yx
2025-11-05 16:36:44,862 - key_recovery - INFO - Attempting key recovery for address: mp52VHqmkNgzzuuM9Fcc6uXrrzH4SvL3Yx
2025-11-05 16:36:44,862 - key_recovery - INFO - Priority score: 25.00
2025-11-05 16:36:44,862 - prng_reconstructor - INFO - Starting parallel seed reconstruction for mp52VHqmkNgzzuuM9Fcc6uXrrzH4SvL3Yx
2025-11-05 16:36:44,862 - prng_reconstructor - INFO - Seed space: 0 to 65,536 (6.553600e+04)
2025-11-05 16:36:44,862 - prng_reconstructor - INFO - Workers: 4
2025-11-05 16:38:46,357 - prng_reconstructor - INFO - Seed reconstruction failed: no match found in search space
2025-11-05 16:38:46,357 - key_recovery - WARNING - Key recovery failed for mp52VHqmkNgzzuuM9Fcc6uXrrzH4SvL3Yx: no seed found
2025-11-05 16:38:46,358 - key_recovery - INFO - Recovery attempt 5/100: tb1q9hgyvdu3px95md89qh89my2gatg7jhtqsp8uj3
2025-11-05 16:38:46,358 - key_recovery - INFO - Attempting key recovery for address: tb1q9hgyvdu3px95md89qh89my2gatg7jhtqsp8uj3
2025-11-05 16:38:46,358 - key_recovery - INFO - Priority score: 25.00
2025-11-05 16:38:46,358 - prng_reconstructor - INFO - Starting parallel seed reconstruction for tb1q9hgyvdu3px95md89qh89my2gatg7jhtqsp8uj3
2025-11-05 16:38:46,358 - prng_reconstructor - INFO - Seed space: 0 to 65,536 (6.553600e+04)
2025-11-05 16:38:46,358 - prng_reconstructor - INFO - Workers: 4
2025-11-05 16:40:49,837 - prng_reconstructor - INFO - Seed reconstruction failed: no match found in search space
2025-11-05 16:40:49,837 - key_recovery - WARNING - Key recovery failed for tb1q9hgyvdu3px95md89qh89my2gatg7jhtqsp8uj3: no seed found
2025-11-05 16:40:49,837 - key_recovery - INFO - Recovery attempt 6/100: tb1qmf5pdg29guzvm5pngqmawfywdf357tjh85vs2a
2025-11-05 16:40:49,837 - key_recovery - INFO - Attempting key recovery for address: tb1qmf5pdg29guzvm5pngqmawfywdf357tjh85vs2a
2025-11-05 16:40:49,837 - key_recovery - INFO - Priority score: 25.00
2025-11-05 16:40:49,837 - prng_reconstructor - INFO - Starting parallel seed reconstruction for tb1qmf5pdg29guzvm5pngqmawfywdf357tjh85vs2a
2025-11-05 16:40:49,837 - prng_reconstructor - INFO - Seed space: 0 to 65,536 (6.553600e+04)
2025-11-05 16:40:49,837 - prng_reconstructor - INFO - Workers: 4
2025-11-05 16:42:56,143 - prng_reconstructor - INFO - Seed reconstruction failed: no match found in search space
2025-11-05 16:42:56,143 - key_recovery - WARNING - Key recovery failed for tb1qmf5pdg29guzvm5pngqmawfywdf357tjh85vs2a: no seed found
2025-11-05 16:42:56,143 - key_recovery - INFO - Recovery attempt 7/100: tb1p8qh68rvq2aq4qswq0mu2unv2nzf5serfs4rvd4a77yhnqn00khssscgwqs
2025-11-05 16:42:56,143 - key_recovery - INFO - Attempting key recovery for address: tb1p8qh68rvq2aq4qswq0mu2unv2nzf5serfs4rvd4a77yhnqn00khssscgwqs
2025-11-05 16:42:56,143 - key_recovery - INFO - Priority score: 25.00
2025-11-05 16:42:56,143 - prng_reconstructor - INFO - Starting parallel seed reconstruction for tb1p8qh68rvq2aq4qswq0mu2unv2nzf5serfs4rvd4a77yhnqn00khssscgwqs
2025-11-05 16:42:56,143 - prng_reconstructor - INFO - Seed space: 0 to 65,536 (6.553600e+04)
2025-11-05 16:42:56,143 - prng_reconstructor - INFO - Workers: 4
2025-11-05 16:44:55,684 - prng_reconstructor - INFO - Seed reconstruction failed: no match found in search space
2025-11-05 16:44:55,684 - key_recovery - WARNING - Key recovery failed for tb1p8qh68rvq2aq4qswq0mu2unv2nzf5serfs4rvd4a77yhnqn00khssscgwqs: no seed found
2025-11-05 16:44:55,684 - key_recovery - INFO - Recovery attempt 8/100: tb1p7y86tuw2p6vle767dacvde72n4a8r7nljekqm9zxy6gnmzy6xrnq5dkqdq
2025-11-05 16:44:55,685 - key_recovery - INFO - Attempting key recovery for address: tb1p7y86tuw2p6vle767dacvde72n4a8r7nljekqm9zxy6gnmzy6xrnq5dkqdq
2025-11-05 16:44:55,685 - key_recovery - INFO - Priority score: 25.00
2025-11-05 16:44:55,685 - prng_reconstructor - INFO - Starting parallel seed reconstruction for tb1p7y86tuw2p6vle767dacvde72n4a8r7nljekqm9zxy6gnmzy6xrnq5dkqdq
2025-11-05 16:44:55,685 - prng_reconstructor - INFO - Seed space: 0 to 65,536 (6.553600e+04)
2025-11-05 16:44:55,685 - prng_reconstructor - INFO - Workers: 4
2025-11-05 16:47:00,093 - prng_reconstructor - INFO - Seed reconstruction failed: no match found in search space
2025-11-05 16:47:00,093 - key_recovery - WARNING - Key recovery failed for tb1p7y86tuw2p6vle767dacvde72n4a8r7nljekqm9zxy6gnmzy6xrnq5dkqdq: no seed found
2025-11-05 16:47:00,093 - key_recovery - INFO - Recovery attempt 9/100: tb1qashx6f8kw29fq5rwcnpuzh5aufu24xquevdk7y
2025-11-05 16:47:00,093 - key_recovery - INFO - Attempting key recovery for address: tb1qashx6f8kw29fq5rwcnpuzh5aufu24xquevdk7y
2025-11-05 16:47:00,093 - key_recovery - INFO - Priority score: 25.00
2025-11-05 16:47:00,093 - prng_reconstructor - INFO - Starting parallel seed reconstruction for tb1qashx6f8kw29fq5rwcnpuzh5aufu24xquevdk7y
2025-11-05 16:47:00,093 - prng_reconstructor - INFO - Seed space: 0 to 65,536 (6.553600e+04)
2025-11-05 16:47:00,093 - prng_reconstructor - INFO - Workers: 4
2025-11-05 16:48:52,922 - prng_reconstructor - INFO - Seed reconstruction failed: no match found in search space
2025-11-05 16:48:52,922 - key_recovery - WARNING - Key recovery failed for tb1qashx6f8kw29fq5rwcnpuzh5aufu24xquevdk7y: no seed found
2025-11-05 16:48:52,922 - key_recovery - INFO - Recovery attempt 10/100: tb1qwzac060kz4wyczdvl46sp9nrtp60cgp4x9gewm
2025-11-05 16:48:52,922 - key_recovery - INFO - Attempting key recovery for address: tb1qwzac060kz4wyczdvl46sp9nrtp60cgp4x9gewm
2025-11-05 16:48:52,922 - key_recovery - INFO - Priority score: 25.00
2025-11-05 16:48:52,922 - prng_reconstructor - INFO - Starting parallel seed reconstruction for tb1qwzac060kz4wyczdvl46sp9nrtp60cgp4x9gewm
2025-11-05 16:48:52,922 - prng_reconstructor - INFO - Seed space: 0 to 65,536 (6.553600e+04)
2025-11-05 16:48:52,922 - prng_reconstructor - INFO - Workers: 4
2025-11-05 16:50:51,868 - prng_reconstructor - INFO - Seed reconstruction failed: no match found in search space
2025-11-05 16:50:51,868 - key_recovery - WARNING - Key recovery failed for tb1qwzac060kz4wyczdvl46sp9nrtp60cgp4x9gewm: no seed found
2025-11-05 16:50:51,868 - key_recovery - INFO - Recovery attempt 11/100: tb1qeesj2psr4nwgchdkph2rj0u6t0app5v0tgs6s9
2025-11-05 16:50:51,868 - key_recovery - INFO - Attempting key recovery for address: tb1qeesj2psr4nwgchdkph2rj0u6t0app5v0tgs6s9
2025-11-05 16:50:51,868 - key_recovery - INFO - Priority score: 22.00
2025-11-05 16:50:51,868 - prng_reconstructor - INFO - Starting parallel seed reconstruction for tb1qeesj2psr4nwgchdkph2rj0u6t0app5v0tgs6s9
2025-11-05 16:50:51,868 - prng_reconstructor - INFO - Seed space: 0 to 65,536 (6.553600e+04)
2025-11-05 16:50:51,868 - prng_reconstructor - INFO - Workers: 4
2025-11-05 16:52:46,381 - prng_reconstructor - INFO - Seed reconstruction failed: no match found in search space
2025-11-05 16:52:46,381 - key_recovery - WARNING - Key recovery failed for tb1qeesj2psr4nwgchdkph2rj0u6t0app5v0tgs6s9: no seed found
2025-11-05 16:52:46,381 - key_recovery - INFO - Recovery attempt 12/100: tb1p5hxlqh08zkgy99srl3t4a7a5eygu4llx3g33tpssdd5rjqjatwkqjds0pc
2025-11-05 16:52:46,381 - key_recovery - INFO - Attempting key recovery for address: tb1p5hxlqh08zkgy99srl3t4a7a5eygu4llx3g33tpssdd5rjqjatwkqjds0pc
2025-11-05 16:52:46,382 - key_recovery - INFO - Priority score: 20.00
2025-11-05 16:52:46,382 - prng_reconstructor - INFO - Starting parallel seed reconstruction for tb1p5hxlqh08zkgy99srl3t4a7a5eygu4llx3g33tpssdd5rjqjatwkqjds0pc
2025-11-05 16:52:46,382 - prng_reconstructor - INFO - Seed space: 0 to 65,536 (6.553600e+04)
2025-11-05 16:52:46,382 - prng_reconstructor - INFO - Workers: 4
2025-11-05 16:54:51,067 - prng_reconstructor - INFO - Seed reconstruction failed: no match found in search space
2025-11-05 16:54:51,068 - key_recovery - WARNING - Key recovery failed for tb1p5hxlqh08zkgy99srl3t4a7a5eygu4llx3g33tpssdd5rjqjatwkqjds0pc: no seed found
2025-11-05 16:54:51,068 - key_recovery - INFO - Recovery attempt 13/100: tb1pr2a4xxth0vq8cy6fp4u6za7shq55s3we3dmzgxjp2k8nnl2rdmjsw8dmxr
2025-11-05 16:54:51,068 - key_recovery - INFO - Attempting key recovery for address: tb1pr2a4xxth0vq8cy6fp4u6za7shq55s3we3dmzgxjp2k8nnl2rdmjsw8dmxr
2025-11-05 16:54:51,068 - key_recovery - INFO - Priority score: 19.00
2025-11-05 16:54:51,068 - prng_reconstructor - INFO - Starting parallel seed reconstruction for tb1pr2a4xxth0vq8cy6fp4u6za7shq55s3we3dmzgxjp2k8nnl2rdmjsw8dmxr
2025-11-05 16:54:51,068 - prng_reconstructor - INFO - Seed space: 0 to 65,536 (6.553600e+04)
2025-11-05 16:54:51,068 - prng_reconstructor - INFO - Workers: 4
2025-11-05 16:56:53,456 - prng_reconstructor - INFO - Seed reconstruction failed: no match found in search space
2025-11-05 16:56:53,456 - key_recovery - WARNING - Key recovery failed for tb1pr2a4xxth0vq8cy6fp4u6za7shq55s3we3dmzgxjp2k8nnl2rdmjsw8dmxr: no seed found
2025-11-05 16:56:53,456 - key_recovery - INFO - Recovery attempt 14/100: tb1qqws3aatj6jz2nz8d7zefwmtmcccx4umlc5ygr7
2025-11-05 16:56:53,456 - key_recovery - INFO - Attempting key recovery for address: tb1qqws3aatj6jz2nz8d7zefwmtmcccx4umlc5ygr7
2025-11-05 16:56:53,456 - key_recovery - INFO - Priority score: 17.00
2025-11-05 16:56:53,456 - prng_reconstructor - INFO - Starting parallel seed reconstruction for tb1qqws3aatj6jz2nz8d7zefwmtmcccx4umlc5ygr7
2025-11-05 16:56:53,456 - prng_reconstructor - INFO - Seed space: 0 to 65,536 (6.553600e+04)
2025-11-05 16:56:53,457 - prng_reconstructor - INFO - Workers: 4
2025-11-05 17:02:23,057 - logger - INFO - ScanLogger initialized
2025-11-05 17:02:23,057 - prng_reconstructor - INFO - PRNG Reconstructor initialized: mode=test, seed_space=65,536
2025-11-05 17:02:23,057 - validator - INFO - Validator initialized in TESTNET-ONLY mode
2025-11-05 17:02:23,057 - __main__ - INFO - WeakKeyScanner initialized
2025-11-05 17:02:23,057 - __main__ - INFO - Mode: test
2025-11-05 17:02:23,057 - __main__ - INFO - Network: testnet
2025-11-05 17:02:23,057 - __main__ - INFO - ======================================================================
2025-11-05 17:02:23,057 - __main__ - INFO - BITCOIN WEAK KEY SCANNER - STARTING FULL SCAN
2025-11-05 17:02:23,057 - __main__ - INFO - ======================================================================
2025-11-05 17:02:23,057 - __main__ - INFO - Target addresses: 10
2025-11-05 17:02:23,057 - __main__ - INFO - Network: testnet
2025-11-05 17:02:23,057 - __main__ - INFO - Mode: test
2025-11-05 17:02:23,057 - logger - INFO - {"timestamp": "2025-11-05T17:02:23.057742", "event_type": "scan_start", "data": {"target_address_count": 10, "config": {"mode": "test", "seed_space": 65536, "parallel_workers": 4}, "network": "testnet"}}
2025-11-05 17:02:23,057 - __main__ - INFO - Checkpoint loaded: ./checkpoint.json
2025-11-05 17:02:23,058 - __main__ - INFO - Resumed from checkpoint: 10 addresses already processed
2025-11-05 17:02:23,058 - __main__ - INFO - Resuming from checkpoint
2025-11-05 17:02:23,058 - __main__ - INFO - 
======================================================================
2025-11-05 17:02:23,058 - __main__ - INFO - STAGE 1: ADDRESS COLLECTION
2025-11-05 17:02:23,058 - __main__ - INFO - ======================================================================
2025-11-05 17:02:23,058 - __main__ - INFO - Starting address collection: target=0
2025-11-05 17:02:23,058 - address_collector - INFO - Starting address collection stream (target: 0)
2025-11-05 17:02:23,394 - address_collector - INFO - Retrieved 10 recent blocks
2025-11-05 17:02:23,394 - address_collector - INFO - Address collection complete: 0 addresses collected
2025-11-05 17:02:23,394 - __main__ - INFO - Address collection complete: 0 addresses
2025-11-05 17:02:23,394 - __main__ - INFO - 
======================================================================
2025-11-05 17:02:23,394 - __main__ - INFO - STAGE 2: ENTROPY ANALYSIS
2025-11-05 17:02:23,394 - __main__ - INFO - ======================================================================
2025-11-05 17:02:23,394 - __main__ - INFO - Starting entropy analysis: 0 addresses
2025-11-05 17:02:23,394 - __main__ - INFO - Entropy analysis complete: 0 addresses analyzed
2025-11-05 17:02:23,394 - __main__ - INFO - Weak addresses identified: 0
2025-11-05 17:02:23,394 - __main__ - INFO - 
======================================================================
2025-11-05 17:02:23,394 - __main__ - INFO - STAGE 3: PATTERN DETECTION
2025-11-05 17:02:23,394 - __main__ - INFO - ======================================================================
2025-11-05 17:02:23,394 - __main__ - INFO - Starting pattern detection
2025-11-05 17:02:23,394 - pattern_detector - INFO - Running comprehensive pattern detection
2025-11-05 17:02:23,394 - pattern_detector - INFO - Detecting sequential address patterns
2025-11-05 17:02:23,394 - pattern_detector - INFO - Found 0 sequential patterns
2025-11-05 17:02:23,395 - pattern_detector - INFO - Detecting temporal clusters (window: 60 minutes)
2025-11-05 17:02:23,395 - pattern_detector - INFO - Found 1 temporal clusters
2025-11-05 17:02:23,395 - pattern_detector - INFO - Detecting low entropy groups
2025-11-05 17:02:23,395 - pattern_detector - INFO - Found 0 low entropy groups
2025-11-05 17:02:23,395 - pattern_detector - INFO - Detecting MT19937 PRNG fingerprints
2025-11-05 17:02:23,395 - pattern_detector - INFO - Found 0 MT19937 fingerprints
2025-11-05 17:02:23,395 - pattern_detector - INFO - Pattern detection complete: 1 patterns found
2025-11-05 17:02:23,395 - logger - INFO - {"timestamp": "2025-11-05T17:02:23.395353", "event_type": "patterns_detected", "data": {"total_patterns": 1, "by_type": {}}}
2025-11-05 17:02:23,395 - __main__ - INFO - Pattern detection complete: 1 patterns found
2025-11-05 17:02:23,395 - __main__ - INFO - 
======================================================================
2025-11-05 17:02:23,395 - __main__ - INFO - STAGE 4: KEY RECOVERY
2025-11-05 17:02:23,395 - __main__ - INFO - ======================================================================
2025-11-05 17:02:23,395 - __main__ - INFO - Starting key recovery phase
2025-11-05 17:02:23,395 - pattern_detector - INFO - Identifying high-priority targets for key recovery
2025-11-05 17:02:23,395 - pattern_detector - INFO - Identified 10 high-priority targets
2025-11-05 17:02:23,395 - __main__ - INFO - Identified 10 high-priority targets
2025-11-05 17:02:23,395 - key_recovery - INFO - Starting batch key recovery for 10 targets
2025-11-05 17:02:23,395 - key_recovery - INFO - Recovery attempt 1/10: mwT8doenqRh2b5bzxiB4cZW5K2sNZJLsfz
2025-11-05 17:02:23,395 - key_recovery - INFO - Attempting key recovery for address: mwT8doenqRh2b5bzxiB4cZW5K2sNZJLsfz
2025-11-05 17:02:23,395 - key_recovery - INFO - Priority score: 10.00
2025-11-05 17:02:23,395 - prng_reconstructor - INFO - Starting parallel seed reconstruction for mwT8doenqRh2b5bzxiB4cZW5K2sNZJLsfz
2025-11-05 17:02:23,395 - prng_reconstructor - INFO - Seed space: 0 to 65,536 (6.553600e+04)
2025-11-05 17:02:23,395 - prng_reconstructor - INFO - Workers: 4
2025-11-05 17:03:57,838 - logger - INFO - ScanLogger initialized
2025-11-05 17:03:57,838 - prng_reconstructor - INFO - PRNG Reconstructor initialized: mode=test, seed_space=65,536
2025-11-05 17:03:57,838 - validator - INFO - Validator initialized in TESTNET-ONLY mode
2025-11-05 17:03:57,838 - __main__ - INFO - WeakKeyScanner initialized
2025-11-05 17:03:57,838 - __main__ - INFO - Mode: test
2025-11-05 17:03:57,838 - __main__ - INFO - Network: testnet
2025-11-05 17:03:57,838 - __main__ - INFO - ======================================================================
2025-11-05 17:03:57,838 - __main__ - INFO - BITCOIN WEAK KEY SCANNER - STARTING FULL SCAN
2025-11-05 17:03:57,838 - __main__ - INFO - ======================================================================
2025-11-05 17:03:57,838 - __main__ - INFO - Target addresses: 100
2025-11-05 17:03:57,838 - __main__ - INFO - Network: testnet
2025-11-05 17:03:57,838 - __main__ - INFO - Mode: test
2025-11-05 17:03:57,838 - logger - INFO - {"timestamp": "2025-11-05T17:03:57.838731", "event_type": "scan_start", "data": {"target_address_count": 100, "config": {"mode": "test", "seed_space": 65536, "parallel_workers": 4}, "network": "testnet"}}
2025-11-05 17:03:57,839 - __main__ - INFO - Checkpoint loaded: ./checkpoint.json
2025-11-05 17:03:57,839 - __main__ - INFO - Resumed from checkpoint: 100 addresses already processed
2025-11-05 17:03:57,839 - __main__ - INFO - Resuming from checkpoint
2025-11-05 17:03:57,839 - __main__ - INFO - 
======================================================================
2025-11-05 17:03:57,839 - __main__ - INFO - STAGE 1: ADDRESS COLLECTION
2025-11-05 17:03:57,839 - __main__ - INFO - ======================================================================
2025-11-05 17:03:57,839 - __main__ - INFO - Starting address collection: target=0
2025-11-05 17:03:57,839 - address_collector - INFO - Starting address collection stream (target: 0)
2025-11-05 17:03:58,159 - address_collector - INFO - Retrieved 10 recent blocks
2025-11-05 17:03:58,159 - address_collector - INFO - Address collection complete: 0 addresses collected
2025-11-05 17:03:58,159 - __main__ - INFO - Address collection complete: 0 addresses
2025-11-05 17:03:58,159 - __main__ - INFO - 
======================================================================
2025-11-05 17:03:58,159 - __main__ - INFO - STAGE 2: ENTROPY ANALYSIS
2025-11-05 17:03:58,159 - __main__ - INFO - ======================================================================
2025-11-05 17:03:58,159 - __main__ - INFO - Starting entropy analysis: 0 addresses
2025-11-05 17:03:58,159 - __main__ - INFO - Entropy analysis complete: 0 addresses analyzed
2025-11-05 17:03:58,159 - __main__ - INFO - Weak addresses identified: 100
2025-11-05 17:03:58,159 - __main__ - INFO - 
======================================================================
2025-11-05 17:03:58,159 - __main__ - INFO - STAGE 3: PATTERN DETECTION
2025-11-05 17:03:58,159 - __main__ - INFO - ======================================================================
2025-11-05 17:03:58,159 - __main__ - INFO - Starting pattern detection
2025-11-05 17:03:58,159 - pattern_detector - INFO - Running comprehensive pattern detection
2025-11-05 17:03:58,159 - pattern_detector - INFO - Detecting sequential address patterns
2025-11-05 17:03:58,160 - pattern_detector - INFO - Found 0 sequential patterns
2025-11-05 17:03:58,160 - pattern_detector - INFO - Detecting temporal clusters (window: 60 minutes)
2025-11-05 17:03:58,160 - pattern_detector - INFO - Found 9 temporal clusters
2025-11-05 17:03:58,160 - pattern_detector - INFO - Detecting low entropy groups
2025-11-05 17:03:58,160 - pattern_detector - INFO - Found 1 low entropy groups
2025-11-05 17:03:58,160 - pattern_detector - INFO - Detecting MT19937 PRNG fingerprints
2025-11-05 17:03:58,160 - pattern_detector - INFO - Found 0 MT19937 fingerprints
2025-11-05 17:03:58,160 - pattern_detector - INFO - Pattern detection complete: 10 patterns found
2025-11-05 17:03:58,160 - logger - INFO - {"timestamp": "2025-11-05T17:03:58.160703", "event_type": "patterns_detected", "data": {"total_patterns": 10, "by_type": {}}}
2025-11-05 17:03:58,160 - __main__ - INFO - Pattern detection complete: 10 patterns found
2025-11-05 17:03:58,160 - __main__ - INFO - 
======================================================================
2025-11-05 17:03:58,160 - __main__ - INFO - STAGE 4: KEY RECOVERY
2025-11-05 17:03:58,160 - __main__ - INFO - ======================================================================
2025-11-05 17:03:58,160 - __main__ - INFO - Starting key recovery phase
2025-11-05 17:03:58,160 - pattern_detector - INFO - Identifying high-priority targets for key recovery
2025-11-05 17:03:58,161 - pattern_detector - INFO - Identified 100 high-priority targets
2025-11-05 17:03:58,161 - __main__ - INFO - Identified 100 high-priority targets
2025-11-05 17:03:58,161 - key_recovery - INFO - Starting batch key recovery for 100 targets
2025-11-05 17:03:58,161 - key_recovery - INFO - Recovery attempt 1/100: tb1qeesj2psr4nwgchdkph2rj0u6t0app5v0tgs6s9
2025-11-05 17:03:58,161 - key_recovery - INFO - Attempting key recovery for address: tb1qeesj2psr4nwgchdkph2rj0u6t0app5v0tgs6s9
2025-11-05 17:03:58,161 - key_recovery - INFO - Priority score: 52.00
2025-11-05 17:03:58,161 - prng_reconstructor - INFO - Starting parallel seed reconstruction for tb1qeesj2psr4nwgchdkph2rj0u6t0app5v0tgs6s9
2025-11-05 17:03:58,161 - prng_reconstructor - INFO - Seed space: 0 to 65,536 (6.553600e+04)
2025-11-05 17:03:58,161 - prng_reconstructor - INFO - Workers: 4
2025-11-05 17:05:55,218 - prng_reconstructor - INFO - Seed reconstruction failed: no match found in search space
2025-11-05 17:05:55,218 - key_recovery - WARNING - Key recovery failed for tb1qeesj2psr4nwgchdkph2rj0u6t0app5v0tgs6s9: no seed found
2025-11-05 17:05:55,218 - key_recovery - INFO - Recovery attempt 2/100: tb1p5hxlqh08zkgy99srl3t4a7a5eygu4llx3g33tpssdd5rjqjatwkqjds0pc
2025-11-05 17:05:55,218 - key_recovery - INFO - Attempting key recovery for address: tb1p5hxlqh08zkgy99srl3t4a7a5eygu4llx3g33tpssdd5rjqjatwkqjds0pc
2025-11-05 17:05:55,218 - key_recovery - INFO - Priority score: 50.00
2025-11-05 17:05:55,218 - prng_reconstructor - INFO - Starting parallel seed reconstruction for tb1p5hxlqh08zkgy99srl3t4a7a5eygu4llx3g33tpssdd5rjqjatwkqjds0pc
2025-11-05 17:05:55,218 - prng_reconstructor - INFO - Seed space: 0 to 65,536 (6.553600e+04)
2025-11-05 17:05:55,218 - prng_reconstructor - INFO - Workers: 4
2025-11-05 17:07:57,301 - prng_reconstructor - INFO - Seed reconstruction failed: no match found in search space
2025-11-05 17:07:57,301 - key_recovery - WARNING - Key recovery failed for tb1p5hxlqh08zkgy99srl3t4a7a5eygu4llx3g33tpssdd5rjqjatwkqjds0pc: no seed found
2025-11-05 17:07:57,301 - key_recovery - INFO - Recovery attempt 3/100: tb1pr2a4xxth0vq8cy6fp4u6za7shq55s3we3dmzgxjp2k8nnl2rdmjsw8dmxr
2025-11-05 17:07:57,301 - key_recovery - INFO - Attempting key recovery for address: tb1pr2a4xxth0vq8cy6fp4u6za7shq55s3we3dmzgxjp2k8nnl2rdmjsw8dmxr
2025-11-05 17:07:57,301 - key_recovery - INFO - Priority score: 49.00
2025-11-05 17:07:57,301 - prng_reconstructor - INFO - Starting parallel seed reconstruction for tb1pr2a4xxth0vq8cy6fp4u6za7shq55s3we3dmzgxjp2k8nnl2rdmjsw8dmxr
2025-11-05 17:07:57,301 - prng_reconstructor - INFO - Seed space: 0 to 65,536 (6.553600e+04)
2025-11-05 17:07:57,301 - prng_reconstructor - INFO - Workers: 4
2025-11-05 17:09:57,279 - prng_reconstructor - INFO - Seed reconstruction failed: no match found in search space
2025-11-05 17:09:57,279 - key_recovery - WARNING - Key recovery failed for tb1pr2a4xxth0vq8cy6fp4u6za7shq55s3we3dmzgxjp2k8nnl2rdmjsw8dmxr: no seed found
2025-11-05 17:09:57,279 - key_recovery - INFO - Recovery attempt 4/100: tb1qqws3aatj6jz2nz8d7zefwmtmcccx4umlc5ygr7
2025-11-05 17:09:57,279 - key_recovery - INFO - Attempting key recovery for address: tb1qqws3aatj6jz2nz8d7zefwmtmcccx4umlc5ygr7
2025-11-05 17:09:57,279 - key_recovery - INFO - Priority score: 47.00
2025-11-05 17:09:57,279 - prng_reconstructor - INFO - Starting parallel seed reconstruction for tb1qqws3aatj6jz2nz8d7zefwmtmcccx4umlc5ygr7
2025-11-05 17:09:57,279 - prng_reconstructor - INFO - Seed space: 0 to 65,536 (6.553600e+04)
2025-11-05 17:09:57,279 - prng_reconstructor - INFO - Workers: 4
2025-11-05 17:11:55,573 - prng_reconstructor - INFO - Seed reconstruction failed: no match found in search space
2025-11-05 17:11:55,574 - key_recovery - WARNING - Key recovery failed for tb1qqws3aatj6jz2nz8d7zefwmtmcccx4umlc5ygr7: no seed found
2025-11-05 17:11:55,574 - key_recovery - INFO - Recovery attempt 5/100: tb1qp8z86v0y78pv58ht8y4a7yqxf28096dlcqwhku
2025-11-05 17:11:55,574 - key_recovery - INFO - Attempting key recovery for address: tb1qp8z86v0y78pv58ht8y4a7yqxf28096dlcqwhku
2025-11-05 17:11:55,574 - key_recovery - INFO - Priority score: 47.00
2025-11-05 17:11:55,574 - prng_reconstructor - INFO - Starting parallel seed reconstruction for tb1qp8z86v0y78pv58ht8y4a7yqxf28096dlcqwhku
2025-11-05 17:11:55,574 - prng_reconstructor - INFO - Seed space: 0 to 65,536 (6.553600e+04)
2025-11-05 17:11:55,574 - prng_reconstructor - INFO - Workers: 4
2025-11-05 17:13:44,413 - prng_reconstructor - INFO - Seed reconstruction failed: no match found in search space
2025-11-05 17:13:44,413 - key_recovery - WARNING - Key recovery failed for tb1qp8z86v0y78pv58ht8y4a7yqxf28096dlcqwhku: no seed found
2025-11-05 17:13:44,413 - key_recovery - INFO - Recovery attempt 6/100: tb1qpv9ff0vgjrvy0c2lkhmtx69y57ddaxvjazkcum
2025-11-05 17:13:44,413 - key_recovery - INFO - Attempting key recovery for address: tb1qpv9ff0vgjrvy0c2lkhmtx69y57ddaxvjazkcum
2025-11-05 17:13:44,413 - key_recovery - INFO - Priority score: 47.00
2025-11-05 17:13:44,413 - prng_reconstructor - INFO - Starting parallel seed reconstruction for tb1qpv9ff0vgjrvy0c2lkhmtx69y57ddaxvjazkcum
2025-11-05 17:13:44,413 - prng_reconstructor - INFO - Seed space: 0 to 65,536 (6.553600e+04)
2025-11-05 17:13:44,413 - prng_reconstructor - INFO - Workers: 4
2025-11-05 17:15:45,428 - prng_reconstructor - INFO - Seed reconstruction failed: no match found in search space
2025-11-05 17:15:45,429 - key_recovery - WARNING - Key recovery failed for tb1qpv9ff0vgjrvy0c2lkhmtx69y57ddaxvjazkcum: no seed found
2025-11-05 17:15:45,429 - key_recovery - INFO - Recovery attempt 7/100: 2N1sd8fZZ4CHDkyu1EzTDujgjA6SMHY552Z
2025-11-05 17:15:45,429 - key_recovery - INFO - Attempting key recovery for address: 2N1sd8fZZ4CHDkyu1EzTDujgjA6SMHY552Z
2025-11-05 17:15:45,429 - key_recovery - INFO - Priority score: 47.00
2025-11-05 17:15:45,429 - prng_reconstructor - INFO - Starting parallel seed reconstruction for 2N1sd8fZZ4CHDkyu1EzTDujgjA6SMHY552Z
2025-11-05 17:15:45,429 - prng_reconstructor - INFO - Seed space: 0 to 65,536 (6.553600e+04)
2025-11-05 17:15:45,429 - prng_reconstructor - INFO - Workers: 4
2025-11-05 17:17:35,648 - prng_reconstructor - INFO - Seed reconstruction failed: no match found in search space
2025-11-05 17:17:35,648 - key_recovery - WARNING - Key recovery failed for 2N1sd8fZZ4CHDkyu1EzTDujgjA6SMHY552Z: no seed found
2025-11-05 17:17:35,648 - key_recovery - INFO - Recovery attempt 8/100: tb1qrgu7sp6twm99c7p8yw0328wjn43vp2nhe2thap
2025-11-05 17:17:35,648 - key_recovery - INFO - Attempting key recovery for address: tb1qrgu7sp6twm99c7p8yw0328wjn43vp2nhe2thap
2025-11-05 17:17:35,648 - key_recovery - INFO - Priority score: 47.00
2025-11-05 17:17:35,648 - prng_reconstructor - INFO - Starting parallel seed reconstruction for tb1qrgu7sp6twm99c7p8yw0328wjn43vp2nhe2thap
2025-11-05 17:17:35,648 - prng_reconstructor - INFO - Seed space: 0 to 65,536 (6.553600e+04)
2025-11-05 17:17:35,648 - prng_reconstructor - INFO - Workers: 4
2025-11-05 17:19:36,245 - prng_reconstructor - INFO - Seed reconstruction failed: no match found in search space
2025-11-05 17:19:36,245 - key_recovery - WARNING - Key recovery failed for tb1qrgu7sp6twm99c7p8yw0328wjn43vp2nhe2thap: no seed found
2025-11-05 17:19:36,245 - key_recovery - INFO - Recovery attempt 9/100: tb1qjhnn96vdjczf3qs92vm8skngnkrjnrmuthg6zx
2025-11-05 17:19:36,245 - key_recovery - INFO - Attempting key recovery for address: tb1qjhnn96vdjczf3qs92vm8skngnkrjnrmuthg6zx
2025-11-05 17:19:36,246 - key_recovery - INFO - Priority score: 47.00
2025-11-05 17:19:36,246 - prng_reconstructor - INFO - Starting parallel seed reconstruction for tb1qjhnn96vdjczf3qs92vm8skngnkrjnrmuthg6zx
2025-11-05 17:19:36,246 - prng_reconstructor - INFO - Seed space: 0 to 65,536 (6.553600e+04)
2025-11-05 17:19:36,246 - prng_reconstructor - INFO - Workers: 4
2025-11-05 17:21:41,306 - prng_reconstructor - INFO - Seed reconstruction failed: no match found in search space
2025-11-05 17:21:41,306 - key_recovery - WARNING - Key recovery failed for tb1qjhnn96vdjczf3qs92vm8skngnkrjnrmuthg6zx: no seed found
2025-11-05 17:21:41,306 - key_recovery - INFO - Recovery attempt 10/100: tb1pc8lqu9l3thvwl4f83zws89xwulafxgleepdm9lk4x6nk584u6axqfvhkyk
2025-11-05 17:21:41,306 - key_recovery - INFO - Attempting key recovery for address: tb1pc8lqu9l3thvwl4f83zws89xwulafxgleepdm9lk4x6nk584u6axqfvhkyk
2025-11-05 17:21:41,306 - key_recovery - INFO - Priority score: 47.00
2025-11-05 17:21:41,306 - prng_reconstructor - INFO - Starting parallel seed reconstruction for tb1pc8lqu9l3thvwl4f83zws89xwulafxgleepdm9lk4x6nk584u6axqfvhkyk
2025-11-05 17:21:41,306 - prng_reconstructor - INFO - Seed space: 0 to 65,536 (6.553600e+04)
2025-11-05 17:21:41,306 - prng_reconstructor - INFO - Workers: 4
2025-11-05 17:23:42,554 - prng_reconstructor - INFO - Seed reconstruction failed: no match found in search space
2025-11-05 17:23:42,554 - key_recovery - WARNING - Key recovery failed for tb1pc8lqu9l3thvwl4f83zws89xwulafxgleepdm9lk4x6nk584u6axqfvhkyk: no seed found
2025-11-05 17:23:42,554 - key_recovery - INFO - Recovery attempt 11/100: tb1p7cxn89t8v3luwzzll5yhmlm4xzyvfh0dglqa9av3u780jajy04nscnnt8e
2025-11-05 17:23:42,554 - key_recovery - INFO - Attempting key recovery for address: tb1p7cxn89t8v3luwzzll5yhmlm4xzyvfh0dglqa9av3u780jajy04nscnnt8e
2025-11-05 17:23:42,554 - key_recovery - INFO - Priority score: 47.00
2025-11-05 17:23:42,555 - prng_reconstructor - INFO - Starting parallel seed reconstruction for tb1p7cxn89t8v3luwzzll5yhmlm4xzyvfh0dglqa9av3u780jajy04nscnnt8e
2025-11-05 17:23:42,555 - prng_reconstructor - INFO - Seed space: 0 to 65,536 (6.553600e+04)
2025-11-05 17:23:42,555 - prng_reconstructor - INFO - Workers: 4
2025-11-05 17:25:40,914 - prng_reconstructor - INFO - Seed reconstruction failed: no match found in search space
2025-11-05 17:25:40,915 - key_recovery - WARNING - Key recovery failed for tb1p7cxn89t8v3luwzzll5yhmlm4xzyvfh0dglqa9av3u780jajy04nscnnt8e: no seed found
2025-11-05 17:25:40,915 - key_recovery - INFO - Recovery attempt 12/100: tb1qvgmdkjug5gk7plv8xn4lfn6fk4vwpztec0zmu6aduwgfvxjwchyskcuv9l
2025-11-05 17:25:40,915 - key_recovery - INFO - Attempting key recovery for address: tb1qvgmdkjug5gk7plv8xn4lfn6fk4vwpztec0zmu6aduwgfvxjwchyskcuv9l
2025-11-05 17:25:40,915 - key_recovery - INFO - Priority score: 47.00
2025-11-05 17:25:40,915 - prng_reconstructor - INFO - Starting parallel seed reconstruction for tb1qvgmdkjug5gk7plv8xn4lfn6fk4vwpztec0zmu6aduwgfvxjwchyskcuv9l
2025-11-05 17:25:40,915 - prng_reconstructor - INFO - Seed space: 0 to 65,536 (6.553600e+04)
2025-11-05 17:25:40,915 - prng_reconstructor - INFO - Workers: 4
2025-11-05 17:27:40,476 - prng_reconstructor - INFO - Seed reconstruction failed: no match found in search space
2025-11-05 17:27:40,477 - key_recovery - WARNING - Key recovery failed for tb1qvgmdkjug5gk7plv8xn4lfn6fk4vwpztec0zmu6aduwgfvxjwchyskcuv9l: no seed found
2025-11-05 17:27:40,477 - key_recovery - INFO - Recovery attempt 13/100: mupRSix9gLY13iaMTjtn3kvNQcZYy1rd5c
2025-11-05 17:27:40,477 - key_recovery - INFO - Attempting key recovery for address: mupRSix9gLY13iaMTjtn3kvNQcZYy1rd5c
2025-11-05 17:27:40,477 - key_recovery - INFO - Priority score: 47.00
2025-11-05 17:27:40,477 - prng_reconstructor - INFO - Starting parallel seed reconstruction for mupRSix9gLY13iaMTjtn3kvNQcZYy1rd5c
2025-11-05 17:27:40,477 - prng_reconstructor - INFO - Seed space: 0 to 65,536 (6.553600e+04)
2025-11-05 17:27:40,477 - prng_reconstructor - INFO - Workers: 4
2025-11-05 17:29:26,450 - prng_reconstructor - INFO - Seed reconstruction failed: no match found in search space
2025-11-05 17:29:26,451 - key_recovery - WARNING - Key recovery failed for mupRSix9gLY13iaMTjtn3kvNQcZYy1rd5c: no seed found
2025-11-05 17:29:26,451 - key_recovery - INFO - Recovery attempt 14/100: tb1q4fne3m7ae9mr3f4muzvacpxlej3wlsqrf6vxq9
2025-11-05 17:29:26,451 - key_recovery - INFO - Attempting key recovery for address: tb1q4fne3m7ae9mr3f4muzvacpxlej3wlsqrf6vxq9
2025-11-05 17:29:26,451 - key_recovery - INFO - Priority score: 47.00
2025-11-05 17:29:26,451 - prng_reconstructor - INFO - Starting parallel seed reconstruction for tb1q4fne3m7ae9mr3f4muzvacpxlej3wlsqrf6vxq9
2025-11-05 17:29:26,451 - prng_reconstructor - INFO - Seed space: 0 to 65,536 (6.553600e+04)
2025-11-05 17:29:26,451 - prng_reconstructor - INFO - Workers: 4
2025-11-05 17:31:27,109 - prng_reconstructor - INFO - Seed reconstruction failed: no match found in search space
2025-11-05 17:31:27,109 - key_recovery - WARNING - Key recovery failed for tb1q4fne3m7ae9mr3f4muzvacpxlej3wlsqrf6vxq9: no seed found
2025-11-05 17:31:27,109 - key_recovery - INFO - Recovery attempt 15/100: n33npN2oRNJFFpdoxkrm2CVyZAfRGFxALt
2025-11-05 17:31:27,109 - key_recovery - INFO - Attempting key recovery for address: n33npN2oRNJFFpdoxkrm2CVyZAfRGFxALt
2025-11-05 17:31:27,110 - key_recovery - INFO - Priority score: 47.00
2025-11-05 17:31:27,110 - prng_reconstructor - INFO - Starting parallel seed reconstruction for n33npN2oRNJFFpdoxkrm2CVyZAfRGFxALt
2025-11-05 17:31:27,110 - prng_reconstructor - INFO - Seed space: 0 to 65,536 (6.553600e+04)
2025-11-05 17:31:27,110 - prng_reconstructor - INFO - Workers: 4
2025-11-05 17:33:25,046 - prng_reconstructor - INFO - Seed reconstruction failed: no match found in search space
2025-11-05 17:33:25,046 - key_recovery - WARNING - Key recovery failed for n33npN2oRNJFFpdoxkrm2CVyZAfRGFxALt: no seed found
2025-11-05 17:33:25,046 - key_recovery - INFO - Recovery attempt 16/100: tb1qwej84sy2kw0a0f5hdgxqej2rqhl7xuhf6cl0ts
2025-11-05 17:33:25,046 - key_recovery - INFO - Attempting key recovery for address: tb1qwej84sy2kw0a0f5hdgxqej2rqhl7xuhf6cl0ts
2025-11-05 17:33:25,047 - key_recovery - INFO - Priority score: 47.00
2025-11-05 17:33:25,047 - prng_reconstructor - INFO - Starting parallel seed reconstruction for tb1qwej84sy2kw0a0f5hdgxqej2rqhl7xuhf6cl0ts
2025-11-05 17:33:25,047 - prng_reconstructor - INFO - Seed space: 0 to 65,536 (6.553600e+04)
2025-11-05 17:33:25,047 - prng_reconstructor - INFO - Workers: 4
2025-11-05 17:35:26,876 - prng_reconstructor - INFO - Seed reconstruction failed: no match found in search space
2025-11-05 17:35:26,876 - key_recovery - WARNING - Key recovery failed for tb1qwej84sy2kw0a0f5hdgxqej2rqhl7xuhf6cl0ts: no seed found
2025-11-05 17:35:26,876 - key_recovery - INFO - Recovery attempt 17/100: tb1pd5cuxct9cys4jfultj2np7tvjvqdmrjf4w3ptedpwrd3mm3ep0xq229l9n
2025-11-05 17:35:26,876 - key_recovery - INFO - Attempting key recovery for address: tb1pd5cuxct9cys4jfultj2np7tvjvqdmrjf4w3ptedpwrd3mm3ep0xq229l9n
2025-11-05 17:35:26,876 - key_recovery - INFO - Priority score: 47.00
2025-11-05 17:35:26,876 - prng_reconstructor - INFO - Starting parallel seed reconstruction for tb1pd5cuxct9cys4jfultj2np7tvjvqdmrjf4w3ptedpwrd3mm3ep0xq229l9n
2025-11-05 17:35:26,876 - prng_reconstructor - INFO - Seed space: 0 to 65,536 (6.553600e+04)
2025-11-05 17:35:26,876 - prng_reconstructor - INFO - Workers: 4
2025-11-05 17:37:22,916 - prng_reconstructor - INFO - Seed reconstruction failed: no match found in search space
2025-11-05 17:37:22,916 - key_recovery - WARNING - Key recovery failed for tb1pd5cuxct9cys4jfultj2np7tvjvqdmrjf4w3ptedpwrd3mm3ep0xq229l9n: no seed found
2025-11-05 17:37:22,916 - key_recovery - INFO - Recovery attempt 18/100: tb1qtedua6tg0wlzsf0l3el09cxpjwd2wk6v70cslm
2025-11-05 17:37:22,916 - key_recovery - INFO - Attempting key recovery for address: tb1qtedua6tg0wlzsf0l3el09cxpjwd2wk6v70cslm
2025-11-05 17:37:22,916 - key_recovery - INFO - Priority score: 47.00
2025-11-05 17:37:22,916 - prng_reconstructor - INFO - Starting parallel seed reconstruction for tb1qtedua6tg0wlzsf0l3el09cxpjwd2wk6v70cslm
2025-11-05 17:37:22,916 - prng_reconstructor - INFO - Seed space: 0 to 65,536 (6.553600e+04)
2025-11-05 17:37:22,916 - prng_reconstructor - INFO - Workers: 4
2025-11-05 17:39:18,101 - prng_reconstructor - INFO - Seed reconstruction failed: no match found in search space
2025-11-05 17:39:18,102 - key_recovery - WARNING - Key recovery failed for tb1qtedua6tg0wlzsf0l3el09cxpjwd2wk6v70cslm: no seed found
2025-11-05 17:39:18,102 - key_recovery - INFO - Recovery attempt 19/100: mxpYha3UJKUgSwsAz2qYRqaDSwAkKZ3YEY
2025-11-05 17:39:18,102 - key_recovery - INFO - Attempting key recovery for address: mxpYha3UJKUgSwsAz2qYRqaDSwAkKZ3YEY
2025-11-05 17:39:18,102 - key_recovery - INFO - Priority score: 45.00
2025-11-05 17:39:18,102 - prng_reconstructor - INFO - Starting parallel seed reconstruction for mxpYha3UJKUgSwsAz2qYRqaDSwAkKZ3YEY
2025-11-05 17:39:18,102 - prng_reconstructor - INFO - Seed space: 0 to 65,536 (6.553600e+04)
2025-11-05 17:39:18,102 - prng_reconstructor - INFO - Workers: 4
2025-11-05 17:41:18,899 - prng_reconstructor - INFO - Seed reconstruction failed: no match found in search space
2025-11-05 17:41:18,900 - key_recovery - WARNING - Key recovery failed for mxpYha3UJKUgSwsAz2qYRqaDSwAkKZ3YEY: no seed found
2025-11-05 17:41:18,900 - key_recovery - INFO - Recovery attempt 20/100: tb1pd94k6956rdcfhckz4rqdlnt0p8nllhuwe5jad7psev4he9p50l9qpfrapr
2025-11-05 17:41:18,900 - key_recovery - INFO - Attempting key recovery for address: tb1pd94k6956rdcfhckz4rqdlnt0p8nllhuwe5jad7psev4he9p50l9qpfrapr
2025-11-05 17:41:18,900 - key_recovery - INFO - Priority score: 45.00
2025-11-05 17:41:18,900 - prng_reconstructor - INFO - Starting parallel seed reconstruction for tb1pd94k6956rdcfhckz4rqdlnt0p8nllhuwe5jad7psev4he9p50l9qpfrapr
2025-11-05 17:41:18,900 - prng_reconstructor - INFO - Seed space: 0 to 65,536 (6.553600e+04)
2025-11-05 17:41:18,900 - prng_reconstructor - INFO - Workers: 4
2025-11-05 17:43:17,221 - prng_reconstructor - INFO - Seed reconstruction failed: no match found in search space
2025-11-05 17:43:17,221 - key_recovery - WARNING - Key recovery failed for tb1pd94k6956rdcfhckz4rqdlnt0p8nllhuwe5jad7psev4he9p50l9qpfrapr: no seed found
2025-11-05 17:43:17,221 - key_recovery - INFO - Recovery attempt 21/100: tb1qmrl32zy2532pxxpd5vkwehkaa842vwhmfwcqyv
2025-11-05 17:43:17,221 - key_recovery - INFO - Attempting key recovery for address: tb1qmrl32zy2532pxxpd5vkwehkaa842vwhmfwcqyv
2025-11-05 17:43:17,221 - key_recovery - INFO - Priority score: 45.00
2025-11-05 17:43:17,221 - prng_reconstructor - INFO - Starting parallel seed reconstruction for tb1qmrl32zy2532pxxpd5vkwehkaa842vwhmfwcqyv
2025-11-05 17:43:17,221 - prng_reconstructor - INFO - Seed space: 0 to 65,536 (6.553600e+04)
2025-11-05 17:43:17,221 - prng_reconstructor - INFO - Workers: 4
2025-11-05 17:45:05,959 - prng_reconstructor - INFO - Seed reconstruction failed: no match found in search space
2025-11-05 17:45:05,959 - key_recovery - WARNING - Key recovery failed for tb1qmrl32zy2532pxxpd5vkwehkaa842vwhmfwcqyv: no seed found
2025-11-05 17:45:05,959 - key_recovery - INFO - Recovery attempt 22/100: 2MspywMNAT7N4tK2rBgcKt3QRAXWax66ahU
2025-11-05 17:45:05,959 - key_recovery - INFO - Attempting key recovery for address: 2MspywMNAT7N4tK2rBgcKt3QRAXWax66ahU
2025-11-05 17:45:05,959 - key_recovery - INFO - Priority score: 45.00
2025-11-05 17:45:05,959 - prng_reconstructor - INFO - Starting parallel seed reconstruction for 2MspywMNAT7N4tK2rBgcKt3QRAXWax66ahU
2025-11-05 17:45:05,959 - prng_reconstructor - INFO - Seed space: 0 to 65,536 (6.553600e+04)
2025-11-05 17:45:05,959 - prng_reconstructor - INFO - Workers: 4
2025-11-05 17:46:58,474 - prng_reconstructor - INFO - Seed reconstruction failed: no match found in search space
2025-11-05 17:46:58,474 - key_recovery - WARNING - Key recovery failed for 2MspywMNAT7N4tK2rBgcKt3QRAXWax66ahU: no seed found
2025-11-05 17:46:58,474 - key_recovery - INFO - Recovery attempt 23/100: 2NB83EMWf8A3SaWbVEyEQBBFSR322ixcgfE
2025-11-05 17:46:58,474 - key_recovery - INFO - Attempting key recovery for address: 2NB83EMWf8A3SaWbVEyEQBBFSR322ixcgfE
2025-11-05 17:46:58,474 - key_recovery - INFO - Priority score: 45.00
2025-11-05 17:46:58,474 - prng_reconstructor - INFO - Starting parallel seed reconstruction for 2NB83EMWf8A3SaWbVEyEQBBFSR322ixcgfE
2025-11-05 17:46:58,474 - prng_reconstructor - INFO - Seed space: 0 to 65,536 (6.553600e+04)
2025-11-05 17:46:58,474 - prng_reconstructor - INFO - Workers: 4
2025-11-05 17:48:49,997 - prng_reconstructor - INFO - Seed reconstruction failed: no match found in search space
2025-11-05 17:48:49,998 - key_recovery - WARNING - Key recovery failed for 2NB83EMWf8A3SaWbVEyEQBBFSR322ixcgfE: no seed found
2025-11-05 17:48:49,998 - key_recovery - INFO - Recovery attempt 24/100: tb1qj8pxqh8suqx334q5l2v2ukdsc4vx2z02q5h9c4
2025-11-05 17:48:49,998 - key_recovery - INFO - Attempting key recovery for address: tb1qj8pxqh8suqx334q5l2v2ukdsc4vx2z02q5h9c4
2025-11-05 17:48:49,998 - key_recovery - INFO - Priority score: 45.00
2025-11-05 17:48:49,998 - prng_reconstructor - INFO - Starting parallel seed reconstruction for tb1qj8pxqh8suqx334q5l2v2ukdsc4vx2z02q5h9c4
2025-11-05 17:48:49,998 - prng_reconstructor - INFO - Seed space: 0 to 65,536 (6.553600e+04)
2025-11-05 17:48:49,998 - prng_reconstructor - INFO - Workers: 4
2025-11-05 17:50:38,620 - prng_reconstructor - INFO - Seed reconstruction failed: no match found in search space
2025-11-05 17:50:38,620 - key_recovery - WARNING - Key recovery failed for tb1qj8pxqh8suqx334q5l2v2ukdsc4vx2z02q5h9c4: no seed found
2025-11-05 17:50:38,620 - key_recovery - INFO - Recovery attempt 25/100: tb1qa8slzy0yr8xm0x83fev0ygw552cfgu47k269ur
2025-11-05 17:50:38,620 - key_recovery - INFO - Attempting key recovery for address: tb1qa8slzy0yr8xm0x83fev0ygw552cfgu47k269ur
2025-11-05 17:50:38,620 - key_recovery - INFO - Priority score: 45.00
2025-11-05 17:50:38,620 - prng_reconstructor - INFO - Starting parallel seed reconstruction for tb1qa8slzy0yr8xm0x83fev0ygw552cfgu47k269ur
2025-11-05 17:50:38,620 - prng_reconstructor - INFO - Seed space: 0 to 65,536 (6.553600e+04)
2025-11-05 17:50:38,620 - prng_reconstructor - INFO - Workers: 4
2025-11-05 17:52:37,122 - prng_reconstructor - INFO - Seed reconstruction failed: no match found in search space
2025-11-05 17:52:37,122 - key_recovery - WARNING - Key recovery failed for tb1qa8slzy0yr8xm0x83fev0ygw552cfgu47k269ur: no seed found
2025-11-05 17:52:37,122 - key_recovery - INFO - Recovery attempt 26/100: tb1q4qkrnwpyqwmnckgjyzmq9zp2s9gvqzggt6pd3d
2025-11-05 17:52:37,122 - key_recovery - INFO - Attempting key recovery for address: tb1q4qkrnwpyqwmnckgjyzmq9zp2s9gvqzggt6pd3d
2025-11-05 17:52:37,122 - key_recovery - INFO - Priority score: 45.00
2025-11-05 17:52:37,123 - prng_reconstructor - INFO - Starting parallel seed reconstruction for tb1q4qkrnwpyqwmnckgjyzmq9zp2s9gvqzggt6pd3d
2025-11-05 17:52:37,123 - prng_reconstructor - INFO - Seed space: 0 to 65,536 (6.553600e+04)
2025-11-05 17:52:37,123 - prng_reconstructor - INFO - Workers: 4
2025-11-05 17:54:26,315 - prng_reconstructor - INFO - Seed reconstruction failed: no match found in search space
2025-11-05 17:54:26,315 - key_recovery - WARNING - Key recovery failed for tb1q4qkrnwpyqwmnckgjyzmq9zp2s9gvqzggt6pd3d: no seed found
2025-11-05 17:54:26,315 - key_recovery - INFO - Recovery attempt 27/100: tb1q9w8tzexv8477gh3wfsyg2tmjfxcrncn3zp4v9p
2025-11-05 17:54:26,315 - key_recovery - INFO - Attempting key recovery for address: tb1q9w8tzexv8477gh3wfsyg2tmjfxcrncn3zp4v9p
2025-11-05 17:54:26,315 - key_recovery - INFO - Priority score: 45.00
2025-11-05 17:54:26,315 - prng_reconstructor - INFO - Starting parallel seed reconstruction for tb1q9w8tzexv8477gh3wfsyg2tmjfxcrncn3zp4v9p
2025-11-05 17:54:26,315 - prng_reconstructor - INFO - Seed space: 0 to 65,536 (6.553600e+04)
2025-11-05 17:54:26,315 - prng_reconstructor - INFO - Workers: 4
2025-11-05 17:56:22,921 - prng_reconstructor - INFO - Seed reconstruction failed: no match found in search space
2025-11-05 17:56:22,921 - key_recovery - WARNING - Key recovery failed for tb1q9w8tzexv8477gh3wfsyg2tmjfxcrncn3zp4v9p: no seed found
2025-11-05 17:56:22,921 - key_recovery - INFO - Recovery attempt 28/100: tb1qpy0g9wu70vvfeyg7c6ejvjlfnm6wmuvma4fuld
2025-11-05 17:56:22,921 - key_recovery - INFO - Attempting key recovery for address: tb1qpy0g9wu70vvfeyg7c6ejvjlfnm6wmuvma4fuld
2025-11-05 17:56:22,921 - key_recovery - INFO - Priority score: 45.00
2025-11-05 17:56:22,921 - prng_reconstructor - INFO - Starting parallel seed reconstruction for tb1qpy0g9wu70vvfeyg7c6ejvjlfnm6wmuvma4fuld
2025-11-05 17:56:22,921 - prng_reconstructor - INFO - Seed space: 0 to 65,536 (6.553600e+04)
2025-11-05 17:56:22,921 - prng_reconstructor - INFO - Workers: 4
2025-11-05 17:58:17,245 - prng_reconstructor - INFO - Seed reconstruction failed: no match found in search space
2025-11-05 17:58:17,245 - key_recovery - WARNING - Key recovery failed for tb1qpy0g9wu70vvfeyg7c6ejvjlfnm6wmuvma4fuld: no seed found
2025-11-05 17:58:17,245 - key_recovery - INFO - Recovery attempt 29/100: tb1qk652gmyh7hupyw3f90fcs8e8tr735lt78us4xd
2025-11-05 17:58:17,245 - key_recovery - INFO - Attempting key recovery for address: tb1qk652gmyh7hupyw3f90fcs8e8tr735lt78us4xd
2025-11-05 17:58:17,245 - key_recovery - INFO - Priority score: 45.00
2025-11-05 17:58:17,245 - prng_reconstructor - INFO - Starting parallel seed reconstruction for tb1qk652gmyh7hupyw3f90fcs8e8tr735lt78us4xd
2025-11-05 17:58:17,246 - prng_reconstructor - INFO - Seed space: 0 to 65,536 (6.553600e+04)
2025-11-05 17:58:17,246 - prng_reconstructor - INFO - Workers: 4
2025-11-05 18:00:09,353 - prng_reconstructor - INFO - Seed reconstruction failed: no match found in search space
2025-11-05 18:00:09,353 - key_recovery - WARNING - Key recovery failed for tb1qk652gmyh7hupyw3f90fcs8e8tr735lt78us4xd: no seed found
2025-11-05 18:00:09,353 - key_recovery - INFO - Recovery attempt 30/100: tb1qpawrsvmey5vgczg8rk9eg362mezpqtwtxl3e3u
2025-11-05 18:00:09,353 - key_recovery - INFO - Attempting key recovery for address: tb1qpawrsvmey5vgczg8rk9eg362mezpqtwtxl3e3u
2025-11-05 18:00:09,353 - key_recovery - INFO - Priority score: 45.00
2025-11-05 18:00:09,353 - prng_reconstructor - INFO - Starting parallel seed reconstruction for tb1qpawrsvmey5vgczg8rk9eg362mezpqtwtxl3e3u
2025-11-05 18:00:09,353 - prng_reconstructor - INFO - Seed space: 0 to 65,536 (6.553600e+04)
2025-11-05 18:00:09,353 - prng_reconstructor - INFO - Workers: 4
2025-11-05 18:01:57,363 - prng_reconstructor - INFO - Seed reconstruction failed: no match found in search space
2025-11-05 18:01:57,363 - key_recovery - WARNING - Key recovery failed for tb1qpawrsvmey5vgczg8rk9eg362mezpqtwtxl3e3u: no seed found
2025-11-05 18:01:57,363 - key_recovery - INFO - Recovery attempt 31/100: tb1qj76gvqnvn6amdyr755uf67v3jzv982rmmjxy2u
2025-11-05 18:01:57,363 - key_recovery - INFO - Attempting key recovery for address: tb1qj76gvqnvn6amdyr755uf67v3jzv982rmmjxy2u
2025-11-05 18:01:57,363 - key_recovery - INFO - Priority score: 45.00
2025-11-05 18:01:57,363 - prng_reconstructor - INFO - Starting parallel seed reconstruction for tb1qj76gvqnvn6amdyr755uf67v3jzv982rmmjxy2u
2025-11-05 18:01:57,363 - prng_reconstructor - INFO - Seed space: 0 to 65,536 (6.553600e+04)
2025-11-05 18:01:57,363 - prng_reconstructor - INFO - Workers: 4
2025-11-05 18:03:53,439 - prng_reconstructor - INFO - Seed reconstruction failed: no match found in search space
2025-11-05 18:03:53,439 - key_recovery - WARNING - Key recovery failed for tb1qj76gvqnvn6amdyr755uf67v3jzv982rmmjxy2u: no seed found
2025-11-05 18:03:53,439 - key_recovery - INFO - Recovery attempt 32/100: 2NENU9eA76LcjhyNpV7wTKWVsaHybBP6qjF
2025-11-05 18:03:53,439 - key_recovery - INFO - Attempting key recovery for address: 2NENU9eA76LcjhyNpV7wTKWVsaHybBP6qjF
2025-11-05 18:03:53,439 - key_recovery - INFO - Priority score: 45.00
2025-11-05 18:03:53,439 - prng_reconstructor - INFO - Starting parallel seed reconstruction for 2NENU9eA76LcjhyNpV7wTKWVsaHybBP6qjF
2025-11-05 18:03:53,439 - prng_reconstructor - INFO - Seed space: 0 to 65,536 (6.553600e+04)
2025-11-05 18:03:53,439 - prng_reconstructor - INFO - Workers: 4
2025-11-05 18:05:52,115 - prng_reconstructor - INFO - Seed reconstruction failed: no match found in search space
2025-11-05 18:05:52,115 - key_recovery - WARNING - Key recovery failed for 2NENU9eA76LcjhyNpV7wTKWVsaHybBP6qjF: no seed found
2025-11-05 18:05:52,115 - key_recovery - INFO - Recovery attempt 33/100: 2N5wGopS2U5kBZwQ1RNP2nDHbxPJoJAnJDc
2025-11-05 18:05:52,115 - key_recovery - INFO - Attempting key recovery for address: 2N5wGopS2U5kBZwQ1RNP2nDHbxPJoJAnJDc
2025-11-05 18:05:52,115 - key_recovery - INFO - Priority score: 45.00
2025-11-05 18:05:52,115 - prng_reconstructor - INFO - Starting parallel seed reconstruction for 2N5wGopS2U5kBZwQ1RNP2nDHbxPJoJAnJDc
2025-11-05 18:05:52,115 - prng_reconstructor - INFO - Seed space: 0 to 65,536 (6.553600e+04)
2025-11-05 18:05:52,115 - prng_reconstructor - INFO - Workers: 4
2025-11-05 18:07:54,216 - prng_reconstructor - INFO - Seed reconstruction failed: no match found in search space
2025-11-05 18:07:54,216 - key_recovery - WARNING - Key recovery failed for 2N5wGopS2U5kBZwQ1RNP2nDHbxPJoJAnJDc: no seed found
2025-11-05 18:07:54,216 - key_recovery - INFO - Recovery attempt 34/100: tb1qx628udn26vdp8q3w089eaqznnnrxuj5uvrnyhl
2025-11-05 18:07:54,217 - key_recovery - INFO - Attempting key recovery for address: tb1qx628udn26vdp8q3w089eaqznnnrxuj5uvrnyhl
2025-11-05 18:07:54,217 - key_recovery - INFO - Priority score: 45.00
2025-11-05 18:07:54,217 - prng_reconstructor - INFO - Starting parallel seed reconstruction for tb1qx628udn26vdp8q3w089eaqznnnrxuj5uvrnyhl
2025-11-05 18:07:54,217 - prng_reconstructor - INFO - Seed space: 0 to 65,536 (6.553600e+04)
2025-11-05 18:07:54,217 - prng_reconstructor - INFO - Workers: 4
2025-11-05 18:10:09,832 - prng_reconstructor - INFO - Seed reconstruction failed: no match found in search space
2025-11-05 18:10:09,832 - key_recovery - WARNING - Key recovery failed for tb1qx628udn26vdp8q3w089eaqznnnrxuj5uvrnyhl: no seed found
2025-11-05 18:10:09,832 - key_recovery - INFO - Recovery attempt 35/100: 2Mth4myXTo9RMjZKNdcs6q58ox25jC1Qpwi
2025-11-05 18:10:09,832 - key_recovery - INFO - Attempting key recovery for address: 2Mth4myXTo9RMjZKNdcs6q58ox25jC1Qpwi
2025-11-05 18:10:09,833 - key_recovery - INFO - Priority score: 45.00
2025-11-05 18:10:09,833 - prng_reconstructor - INFO - Starting parallel seed reconstruction for 2Mth4myXTo9RMjZKNdcs6q58ox25jC1Qpwi
2025-11-05 18:10:09,833 - prng_reconstructor - INFO - Seed space: 0 to 65,536 (6.553600e+04)
2025-11-05 18:10:09,833 - prng_reconstructor - INFO - Workers: 4
2025-11-05 18:12:07,319 - prng_reconstructor - INFO - Seed reconstruction failed: no match found in search space
2025-11-05 18:12:07,319 - key_recovery - WARNING - Key recovery failed for 2Mth4myXTo9RMjZKNdcs6q58ox25jC1Qpwi: no seed found
2025-11-05 18:12:07,319 - key_recovery - INFO - Recovery attempt 36/100: 2MuGb1NwJSXe5W1nGUs9TTgz57GQB1wFTd6
2025-11-05 18:12:07,319 - key_recovery - INFO - Attempting key recovery for address: 2MuGb1NwJSXe5W1nGUs9TTgz57GQB1wFTd6
2025-11-05 18:12:07,319 - key_recovery - INFO - Priority score: 45.00
2025-11-05 18:12:07,319 - prng_reconstructor - INFO - Starting parallel seed reconstruction for 2MuGb1NwJSXe5W1nGUs9TTgz57GQB1wFTd6
2025-11-05 18:12:07,319 - prng_reconstructor - INFO - Seed space: 0 to 65,536 (6.553600e+04)
2025-11-05 18:12:07,319 - prng_reconstructor - INFO - Workers: 4
2025-11-05 18:14:06,977 - prng_reconstructor - INFO - Seed reconstruction failed: no match found in search space
2025-11-05 18:14:06,977 - key_recovery - WARNING - Key recovery failed for 2MuGb1NwJSXe5W1nGUs9TTgz57GQB1wFTd6: no seed found
2025-11-05 18:14:06,977 - key_recovery - INFO - Recovery attempt 37/100: 2My1VGB3XXneq6S4MGnk4w2GLS7r36QLJa6
2025-11-05 18:14:06,977 - key_recovery - INFO - Attempting key recovery for address: 2My1VGB3XXneq6S4MGnk4w2GLS7r36QLJa6
2025-11-05 18:14:06,977 - key_recovery - INFO - Priority score: 45.00
2025-11-05 18:14:06,977 - prng_reconstructor - INFO - Starting parallel seed reconstruction for 2My1VGB3XXneq6S4MGnk4w2GLS7r36QLJa6
2025-11-05 18:14:06,977 - prng_reconstructor - INFO - Seed space: 0 to 65,536 (6.553600e+04)
2025-11-05 18:14:06,977 - prng_reconstructor - INFO - Workers: 4
2025-11-05 18:15:59,379 - prng_reconstructor - INFO - Seed reconstruction failed: no match found in search space
2025-11-05 18:15:59,379 - key_recovery - WARNING - Key recovery failed for 2My1VGB3XXneq6S4MGnk4w2GLS7r36QLJa6: no seed found
2025-11-05 18:15:59,379 - key_recovery - INFO - Recovery attempt 38/100: 2N8VCpjDPYfu49Z5DnQDkc4oJNLMtB8sfLL
2025-11-05 18:15:59,379 - key_recovery - INFO - Attempting key recovery for address: 2N8VCpjDPYfu49Z5DnQDkc4oJNLMtB8sfLL
2025-11-05 18:15:59,379 - key_recovery - INFO - Priority score: 45.00
2025-11-05 18:15:59,379 - prng_reconstructor - INFO - Starting parallel seed reconstruction for 2N8VCpjDPYfu49Z5DnQDkc4oJNLMtB8sfLL
2025-11-05 18:15:59,379 - prng_reconstructor - INFO - Seed space: 0 to 65,536 (6.553600e+04)
2025-11-05 18:15:59,379 - prng_reconstructor - INFO - Workers: 4
2025-11-05 18:18:00,082 - prng_reconstructor - INFO - Seed reconstruction failed: no match found in search space
2025-11-05 18:18:00,083 - key_recovery - WARNING - Key recovery failed for 2N8VCpjDPYfu49Z5DnQDkc4oJNLMtB8sfLL: no seed found
2025-11-05 18:18:00,083 - key_recovery - INFO - Recovery attempt 39/100: 2N2EEW59VUUPbsE9eim35WHqZrnMQoETUum
2025-11-05 18:18:00,083 - key_recovery - INFO - Attempting key recovery for address: 2N2EEW59VUUPbsE9eim35WHqZrnMQoETUum
2025-11-05 18:18:00,083 - key_recovery - INFO - Priority score: 45.00
2025-11-05 18:18:00,083 - prng_reconstructor - INFO - Starting parallel seed reconstruction for 2N2EEW59VUUPbsE9eim35WHqZrnMQoETUum
2025-11-05 18:18:00,084 - prng_reconstructor - INFO - Seed space: 0 to 65,536 (6.553600e+04)
2025-11-05 18:18:00,084 - prng_reconstructor - INFO - Workers: 4
2025-11-05 18:19:55,778 - prng_reconstructor - INFO - Seed reconstruction failed: no match found in search space
2025-11-05 18:19:55,778 - key_recovery - WARNING - Key recovery failed for 2N2EEW59VUUPbsE9eim35WHqZrnMQoETUum: no seed found
2025-11-05 18:19:55,778 - key_recovery - INFO - Recovery attempt 40/100: 2N1SWZYGpTWp97vywsbQ8SyEn2rDXrqz2NR
2025-11-05 18:19:55,778 - key_recovery - INFO - Attempting key recovery for address: 2N1SWZYGpTWp97vywsbQ8SyEn2rDXrqz2NR
2025-11-05 18:19:55,778 - key_recovery - INFO - Priority score: 45.00
2025-11-05 18:19:55,778 - prng_reconstructor - INFO - Starting parallel seed reconstruction for 2N1SWZYGpTWp97vywsbQ8SyEn2rDXrqz2NR
2025-11-05 18:19:55,778 - prng_reconstructor - INFO - Seed space: 0 to 65,536 (6.553600e+04)
2025-11-05 18:19:55,778 - prng_reconstructor - INFO - Workers: 4
2025-11-05 18:21:55,848 - prng_reconstructor - INFO - Seed reconstruction failed: no match found in search space
2025-11-05 18:21:55,848 - key_recovery - WARNING - Key recovery failed for 2N1SWZYGpTWp97vywsbQ8SyEn2rDXrqz2NR: no seed found
2025-11-05 18:21:55,848 - key_recovery - INFO - Recovery attempt 41/100: 2N5H3Eiw9cPfH3F5jodUXUmT9QXpZChA6Ue
2025-11-05 18:21:55,848 - key_recovery - INFO - Attempting key recovery for address: 2N5H3Eiw9cPfH3F5jodUXUmT9QXpZChA6Ue
2025-11-05 18:21:55,848 - key_recovery - INFO - Priority score: 45.00
2025-11-05 18:21:55,848 - prng_reconstructor - INFO - Starting parallel seed reconstruction for 2N5H3Eiw9cPfH3F5jodUXUmT9QXpZChA6Ue
2025-11-05 18:21:55,848 - prng_reconstructor - INFO - Seed space: 0 to 65,536 (6.553600e+04)
2025-11-05 18:21:55,848 - prng_reconstructor - INFO - Workers: 4
2025-11-05 18:24:02,591 - prng_reconstructor - INFO - Seed reconstruction failed: no match found in search space
2025-11-05 18:24:02,591 - key_recovery - WARNING - Key recovery failed for 2N5H3Eiw9cPfH3F5jodUXUmT9QXpZChA6Ue: no seed found
2025-11-05 18:24:02,591 - key_recovery - INFO - Recovery attempt 42/100: tb1p7l7p9rv8r6lhsr8l9n0vpe3r6du4f6xfkhpjsj09drnsrpj8wrtqwf0y24
2025-11-05 18:24:02,591 - key_recovery - INFO - Attempting key recovery for address: tb1p7l7p9rv8r6lhsr8l9n0vpe3r6du4f6xfkhpjsj09drnsrpj8wrtqwf0y24
2025-11-05 18:24:02,591 - key_recovery - INFO - Priority score: 45.00
2025-11-05 18:24:02,591 - prng_reconstructor - INFO - Starting parallel seed reconstruction for tb1p7l7p9rv8r6lhsr8l9n0vpe3r6du4f6xfkhpjsj09drnsrpj8wrtqwf0y24
2025-11-05 18:24:02,591 - prng_reconstructor - INFO - Seed space: 0 to 65,536 (6.553600e+04)
2025-11-05 18:24:02,591 - prng_reconstructor - INFO - Workers: 4
2025-11-05 18:25:54,921 - prng_reconstructor - INFO - Seed reconstruction failed: no match found in search space
2025-11-05 18:25:54,922 - key_recovery - WARNING - Key recovery failed for tb1p7l7p9rv8r6lhsr8l9n0vpe3r6du4f6xfkhpjsj09drnsrpj8wrtqwf0y24: no seed found
2025-11-05 18:25:54,922 - key_recovery - INFO - Recovery attempt 43/100: mpwSyzzT4hLJ2Fsytc62t5FRczUdusyDCo
2025-11-05 18:25:54,922 - key_recovery - INFO - Attempting key recovery for address: mpwSyzzT4hLJ2Fsytc62t5FRczUdusyDCo
2025-11-05 18:25:54,922 - key_recovery - INFO - Priority score: 45.00
2025-11-05 18:25:54,922 - prng_reconstructor - INFO - Starting parallel seed reconstruction for mpwSyzzT4hLJ2Fsytc62t5FRczUdusyDCo
2025-11-05 18:25:54,922 - prng_reconstructor - INFO - Seed space: 0 to 65,536 (6.553600e+04)
2025-11-05 18:25:54,922 - prng_reconstructor - INFO - Workers: 4
2025-11-05 18:27:53,623 - prng_reconstructor - INFO - Seed reconstruction failed: no match found in search space
2025-11-05 18:27:53,623 - key_recovery - WARNING - Key recovery failed for mpwSyzzT4hLJ2Fsytc62t5FRczUdusyDCo: no seed found
2025-11-05 18:27:53,623 - key_recovery - INFO - Recovery attempt 44/100: tb1qw6vlsmu7qtwn40afuekck40ynce9nrydvtjuzy
2025-11-05 18:27:53,623 - key_recovery - INFO - Attempting key recovery for address: tb1qw6vlsmu7qtwn40afuekck40ynce9nrydvtjuzy
2025-11-05 18:27:53,623 - key_recovery - INFO - Priority score: 45.00
2025-11-05 18:27:53,623 - prng_reconstructor - INFO - Starting parallel seed reconstruction for tb1qw6vlsmu7qtwn40afuekck40ynce9nrydvtjuzy
2025-11-05 18:27:53,623 - prng_reconstructor - INFO - Seed space: 0 to 65,536 (6.553600e+04)
2025-11-05 18:27:53,623 - prng_reconstructor - INFO - Workers: 4
2025-11-05 18:29:57,317 - prng_reconstructor - INFO - Seed reconstruction failed: no match found in search space
2025-11-05 18:29:57,317 - key_recovery - WARNING - Key recovery failed for tb1qw6vlsmu7qtwn40afuekck40ynce9nrydvtjuzy: no seed found
2025-11-05 18:29:57,317 - key_recovery - INFO - Recovery attempt 45/100: tb1q7308qdrx449mhnrqnn86guav9sj2wq2nq9429z
2025-11-05 18:29:57,317 - key_recovery - INFO - Attempting key recovery for address: tb1q7308qdrx449mhnrqnn86guav9sj2wq2nq9429z
2025-11-05 18:29:57,317 - key_recovery - INFO - Priority score: 45.00
2025-11-05 18:29:57,317 - prng_reconstructor - INFO - Starting parallel seed reconstruction for tb1q7308qdrx449mhnrqnn86guav9sj2wq2nq9429z
2025-11-05 18:29:57,317 - prng_reconstructor - INFO - Seed space: 0 to 65,536 (6.553600e+04)
2025-11-05 18:29:57,317 - prng_reconstructor - INFO - Workers: 4
2025-11-05 18:32:02,137 - prng_reconstructor - INFO - Seed reconstruction failed: no match found in search space
2025-11-05 18:32:02,138 - key_recovery - WARNING - Key recovery failed for tb1q7308qdrx449mhnrqnn86guav9sj2wq2nq9429z: no seed found
2025-11-05 18:32:02,138 - key_recovery - INFO - Recovery attempt 46/100: tb1qsjec07kxjwzyxm2c8uc744gjp7v3jzhzrpg6uq
2025-11-05 18:32:02,138 - key_recovery - INFO - Attempting key recovery for address: tb1qsjec07kxjwzyxm2c8uc744gjp7v3jzhzrpg6uq
2025-11-05 18:32:02,138 - key_recovery - INFO - Priority score: 45.00
2025-11-05 18:32:02,138 - prng_reconstructor - INFO - Starting parallel seed reconstruction for tb1qsjec07kxjwzyxm2c8uc744gjp7v3jzhzrpg6uq
2025-11-05 18:32:02,138 - prng_reconstructor - INFO - Seed space: 0 to 65,536 (6.553600e+04)
2025-11-05 18:32:02,138 - prng_reconstructor - INFO - Workers: 4
2025-11-05 18:34:02,923 - prng_reconstructor - INFO - Seed reconstruction failed: no match found in search space
2025-11-05 18:34:02,923 - key_recovery - WARNING - Key recovery failed for tb1qsjec07kxjwzyxm2c8uc744gjp7v3jzhzrpg6uq: no seed found
2025-11-05 18:34:02,923 - key_recovery - INFO - Recovery attempt 47/100: tb1qn5rrryjgsekl008a2py0rhc94m0dr3wsapuvw0
2025-11-05 18:34:02,923 - key_recovery - INFO - Attempting key recovery for address: tb1qn5rrryjgsekl008a2py0rhc94m0dr3wsapuvw0
2025-11-05 18:34:02,923 - key_recovery - INFO - Priority score: 45.00
2025-11-05 18:34:02,923 - prng_reconstructor - INFO - Starting parallel seed reconstruction for tb1qn5rrryjgsekl008a2py0rhc94m0dr3wsapuvw0
2025-11-05 18:34:02,923 - prng_reconstructor - INFO - Seed space: 0 to 65,536 (6.553600e+04)
2025-11-05 18:34:02,923 - prng_reconstructor - INFO - Workers: 4
2025-11-05 18:36:00,559 - prng_reconstructor - INFO - Seed reconstruction failed: no match found in search space
2025-11-05 18:36:00,560 - key_recovery - WARNING - Key recovery failed for tb1qn5rrryjgsekl008a2py0rhc94m0dr3wsapuvw0: no seed found
2025-11-05 18:36:00,560 - key_recovery - INFO - Recovery attempt 48/100: tb1pmuzm5aqs94yf3dvjacw0u4h9lfv7w6lwz2lxk436s3my9w5nprlq2r8l6s
2025-11-05 18:36:00,560 - key_recovery - INFO - Attempting key recovery for address: tb1pmuzm5aqs94yf3dvjacw0u4h9lfv7w6lwz2lxk436s3my9w5nprlq2r8l6s
2025-11-05 18:36:00,560 - key_recovery - INFO - Priority score: 45.00
2025-11-05 18:36:00,560 - prng_reconstructor - INFO - Starting parallel seed reconstruction for tb1pmuzm5aqs94yf3dvjacw0u4h9lfv7w6lwz2lxk436s3my9w5nprlq2r8l6s
2025-11-05 18:36:00,560 - prng_reconstructor - INFO - Seed space: 0 to 65,536 (6.553600e+04)
2025-11-05 18:36:00,560 - prng_reconstructor - INFO - Workers: 4
2025-11-05 18:38:02,037 - prng_reconstructor - INFO - Seed reconstruction failed: no match found in search space
2025-11-05 18:38:02,037 - key_recovery - WARNING - Key recovery failed for tb1pmuzm5aqs94yf3dvjacw0u4h9lfv7w6lwz2lxk436s3my9w5nprlq2r8l6s: no seed found
2025-11-05 18:38:02,037 - key_recovery - INFO - Recovery attempt 49/100: tb1qtzkg8m7agdlruvtc8vsqyu3h2r7nv89aqajpft
2025-11-05 18:38:02,037 - key_recovery - INFO - Attempting key recovery for address: tb1qtzkg8m7agdlruvtc8vsqyu3h2r7nv89aqajpft
2025-11-05 18:38:02,037 - key_recovery - INFO - Priority score: 45.00
2025-11-05 18:38:02,037 - prng_reconstructor - INFO - Starting parallel seed reconstruction for tb1qtzkg8m7agdlruvtc8vsqyu3h2r7nv89aqajpft
2025-11-05 18:38:02,037 - prng_reconstructor - INFO - Seed space: 0 to 65,536 (6.553600e+04)
2025-11-05 18:38:02,038 - prng_reconstructor - INFO - Workers: 4
2025-11-05 18:39:55,948 - prng_reconstructor - INFO - Seed reconstruction failed: no match found in search space
2025-11-05 18:39:55,948 - key_recovery - WARNING - Key recovery failed for tb1qtzkg8m7agdlruvtc8vsqyu3h2r7nv89aqajpft: no seed found
2025-11-05 18:39:55,948 - key_recovery - INFO - Recovery attempt 50/100: tb1q205m0dvhdtqrqlpdm06p8wnwwmvdae9mchlhg4
2025-11-05 18:39:55,948 - key_recovery - INFO - Attempting key recovery for address: tb1q205m0dvhdtqrqlpdm06p8wnwwmvdae9mchlhg4
2025-11-05 18:39:55,948 - key_recovery - INFO - Priority score: 45.00
2025-11-05 18:39:55,948 - prng_reconstructor - INFO - Starting parallel seed reconstruction for tb1q205m0dvhdtqrqlpdm06p8wnwwmvdae9mchlhg4
2025-11-05 18:39:55,948 - prng_reconstructor - INFO - Seed space: 0 to 65,536 (6.553600e+04)
2025-11-05 18:39:55,948 - prng_reconstructor - INFO - Workers: 4
2025-11-05 18:41:58,404 - prng_reconstructor - INFO - Seed reconstruction failed: no match found in search space
2025-11-05 18:41:58,404 - key_recovery - WARNING - Key recovery failed for tb1q205m0dvhdtqrqlpdm06p8wnwwmvdae9mchlhg4: no seed found
2025-11-05 18:41:58,404 - key_recovery - INFO - Recovery attempt 51/100: tb1qfswsvpktctzax2hq8y3xzkmjyjwtrsr8ruy5as
2025-11-05 18:41:58,404 - key_recovery - INFO - Attempting key recovery for address: tb1qfswsvpktctzax2hq8y3xzkmjyjwtrsr8ruy5as
2025-11-05 18:41:58,405 - key_recovery - INFO - Priority score: 45.00
2025-11-05 18:41:58,405 - prng_reconstructor - INFO - Starting parallel seed reconstruction for tb1qfswsvpktctzax2hq8y3xzkmjyjwtrsr8ruy5as
2025-11-05 18:41:58,405 - prng_reconstructor - INFO - Seed space: 0 to 65,536 (6.553600e+04)
2025-11-05 18:41:58,405 - prng_reconstructor - INFO - Workers: 4
2025-11-05 18:43:53,097 - prng_reconstructor - INFO - Seed reconstruction failed: no match found in search space
2025-11-05 18:43:53,097 - key_recovery - WARNING - Key recovery failed for tb1qfswsvpktctzax2hq8y3xzkmjyjwtrsr8ruy5as: no seed found
2025-11-05 18:43:53,097 - key_recovery - INFO - Recovery attempt 52/100: tb1qrpzy52te2q53htdmz0sqcqdfv3s6t77lcv29lp
2025-11-05 18:43:53,097 - key_recovery - INFO - Attempting key recovery for address: tb1qrpzy52te2q53htdmz0sqcqdfv3s6t77lcv29lp
2025-11-05 18:43:53,097 - key_recovery - INFO - Priority score: 45.00
2025-11-05 18:43:53,097 - prng_reconstructor - INFO - Starting parallel seed reconstruction for tb1qrpzy52te2q53htdmz0sqcqdfv3s6t77lcv29lp
2025-11-05 18:43:53,097 - prng_reconstructor - INFO - Seed space: 0 to 65,536 (6.553600e+04)
2025-11-05 18:43:53,097 - prng_reconstructor - INFO - Workers: 4
2025-11-05 18:45:53,341 - prng_reconstructor - INFO - Seed reconstruction failed: no match found in search space
2025-11-05 18:45:53,341 - key_recovery - WARNING - Key recovery failed for tb1qrpzy52te2q53htdmz0sqcqdfv3s6t77lcv29lp: no seed found
2025-11-05 18:45:53,342 - key_recovery - INFO - Recovery attempt 53/100: tb1pc6mtdt43qa3e5k4g3vfthdtk0ns56vc637vkgcaht2py6yx3frfqcuyrgx
2025-11-05 18:45:53,342 - key_recovery - INFO - Attempting key recovery for address: tb1pc6mtdt43qa3e5k4g3vfthdtk0ns56vc637vkgcaht2py6yx3frfqcuyrgx
2025-11-05 18:45:53,342 - key_recovery - INFO - Priority score: 45.00
2025-11-05 18:45:53,342 - prng_reconstructor - INFO - Starting parallel seed reconstruction for tb1pc6mtdt43qa3e5k4g3vfthdtk0ns56vc637vkgcaht2py6yx3frfqcuyrgx
2025-11-05 18:45:53,342 - prng_reconstructor - INFO - Seed space: 0 to 65,536 (6.553600e+04)
2025-11-05 18:45:53,342 - prng_reconstructor - INFO - Workers: 4
2025-11-05 18:47:55,353 - prng_reconstructor - INFO - Seed reconstruction failed: no match found in search space
2025-11-05 18:47:55,353 - key_recovery - WARNING - Key recovery failed for tb1pc6mtdt43qa3e5k4g3vfthdtk0ns56vc637vkgcaht2py6yx3frfqcuyrgx: no seed found
2025-11-05 18:47:55,353 - key_recovery - INFO - Recovery attempt 54/100: tb1p4t63ca5dckk856qsp2ezsqz3jtutajzqmsxv06q839n08azl3cwssm9xfu
2025-11-05 18:47:55,353 - key_recovery - INFO - Attempting key recovery for address: tb1p4t63ca5dckk856qsp2ezsqz3jtutajzqmsxv06q839n08azl3cwssm9xfu
2025-11-05 18:47:55,353 - key_recovery - INFO - Priority score: 45.00
2025-11-05 18:47:55,353 - prng_reconstructor - INFO - Starting parallel seed reconstruction for tb1p4t63ca5dckk856qsp2ezsqz3jtutajzqmsxv06q839n08azl3cwssm9xfu
2025-11-05 18:47:55,354 - prng_reconstructor - INFO - Seed space: 0 to 65,536 (6.553600e+04)
2025-11-05 18:47:55,354 - prng_reconstructor - INFO - Workers: 4
2025-11-05 18:49:55,340 - prng_reconstructor - INFO - Seed reconstruction failed: no match found in search space
2025-11-05 18:49:55,340 - key_recovery - WARNING - Key recovery failed for tb1p4t63ca5dckk856qsp2ezsqz3jtutajzqmsxv06q839n08azl3cwssm9xfu: no seed found
2025-11-05 18:49:55,340 - key_recovery - INFO - Recovery attempt 55/100: tb1p9grhpvsefhw60cz08s8y2fafg652yx632snd7y9dqlxfeg6whdlqjzf5sr
2025-11-05 18:49:55,340 - key_recovery - INFO - Attempting key recovery for address: tb1p9grhpvsefhw60cz08s8y2fafg652yx632snd7y9dqlxfeg6whdlqjzf5sr
2025-11-05 18:49:55,340 - key_recovery - INFO - Priority score: 45.00
2025-11-05 18:49:55,340 - prng_reconstructor - INFO - Starting parallel seed reconstruction for tb1p9grhpvsefhw60cz08s8y2fafg652yx632snd7y9dqlxfeg6whdlqjzf5sr
2025-11-05 18:49:55,340 - prng_reconstructor - INFO - Seed space: 0 to 65,536 (6.553600e+04)
2025-11-05 18:49:55,340 - prng_reconstructor - INFO - Workers: 4
2025-11-05 18:51:54,961 - prng_reconstructor - INFO - Seed reconstruction failed: no match found in search space
2025-11-05 18:51:54,961 - key_recovery - WARNING - Key recovery failed for tb1p9grhpvsefhw60cz08s8y2fafg652yx632snd7y9dqlxfeg6whdlqjzf5sr: no seed found
2025-11-05 18:51:54,961 - key_recovery - INFO - Recovery attempt 56/100: tb1pvnxtex4c5k3vysegyufy5jnrhqw28zy6umu85jzq2pgq90k07v0spsje68
2025-11-05 18:51:54,961 - key_recovery - INFO - Attempting key recovery for address: tb1pvnxtex4c5k3vysegyufy5jnrhqw28zy6umu85jzq2pgq90k07v0spsje68
2025-11-05 18:51:54,962 - key_recovery - INFO - Priority score: 45.00
2025-11-05 18:51:54,962 - prng_reconstructor - INFO - Starting parallel seed reconstruction for tb1pvnxtex4c5k3vysegyufy5jnrhqw28zy6umu85jzq2pgq90k07v0spsje68
2025-11-05 18:51:54,962 - prng_reconstructor - INFO - Seed space: 0 to 65,536 (6.553600e+04)
2025-11-05 18:51:54,962 - prng_reconstructor - INFO - Workers: 4
2025-11-05 18:54:03,841 - prng_reconstructor - INFO - Seed reconstruction failed: no match found in search space
2025-11-05 18:54:03,841 - key_recovery - WARNING - Key recovery failed for tb1pvnxtex4c5k3vysegyufy5jnrhqw28zy6umu85jzq2pgq90k07v0spsje68: no seed found
2025-11-05 18:54:03,841 - key_recovery - INFO - Recovery attempt 57/100: tb1qse9satjazu4f07eq6u76hndevel6w86f477het
2025-11-05 18:54:03,841 - key_recovery - INFO - Attempting key recovery for address: tb1qse9satjazu4f07eq6u76hndevel6w86f477het
2025-11-05 18:54:03,841 - key_recovery - INFO - Priority score: 45.00
2025-11-05 18:54:03,841 - prng_reconstructor - INFO - Starting parallel seed reconstruction for tb1qse9satjazu4f07eq6u76hndevel6w86f477het
2025-11-05 18:54:03,841 - prng_reconstructor - INFO - Seed space: 0 to 65,536 (6.553600e+04)
2025-11-05 18:54:03,841 - prng_reconstructor - INFO - Workers: 4
2025-11-05 18:56:04,904 - prng_reconstructor - INFO - Seed reconstruction failed: no match found in search space
2025-11-05 18:56:04,904 - key_recovery - WARNING - Key recovery failed for tb1qse9satjazu4f07eq6u76hndevel6w86f477het: no seed found
2025-11-05 18:56:04,904 - key_recovery - INFO - Recovery attempt 58/100: tb1q3u0qym938hl5248955umcmegppag48780rwr8y
2025-11-05 18:56:04,904 - key_recovery - INFO - Attempting key recovery for address: tb1q3u0qym938hl5248955umcmegppag48780rwr8y
2025-11-05 18:56:04,904 - key_recovery - INFO - Priority score: 45.00
2025-11-05 18:56:04,905 - prng_reconstructor - INFO - Starting parallel seed reconstruction for tb1q3u0qym938hl5248955umcmegppag48780rwr8y
2025-11-05 18:56:04,905 - prng_reconstructor - INFO - Seed space: 0 to 65,536 (6.553600e+04)
2025-11-05 18:56:04,905 - prng_reconstructor - INFO - Workers: 4
2025-11-05 18:58:04,300 - prng_reconstructor - INFO - Seed reconstruction failed: no match found in search space
2025-11-05 18:58:04,300 - key_recovery - WARNING - Key recovery failed for tb1q3u0qym938hl5248955umcmegppag48780rwr8y: no seed found
2025-11-05 18:58:04,300 - key_recovery - INFO - Recovery attempt 59/100: tb1qjgknxyj00luy6fejedjsdwkak8txgea2t4dw2h
2025-11-05 18:58:04,300 - key_recovery - INFO - Attempting key recovery for address: tb1qjgknxyj00luy6fejedjsdwkak8txgea2t4dw2h
2025-11-05 18:58:04,300 - key_recovery - INFO - Priority score: 45.00
2025-11-05 18:58:04,300 - prng_reconstructor - INFO - Starting parallel seed reconstruction for tb1qjgknxyj00luy6fejedjsdwkak8txgea2t4dw2h
2025-11-05 18:58:04,300 - prng_reconstructor - INFO - Seed space: 0 to 65,536 (6.553600e+04)
2025-11-05 18:58:04,300 - prng_reconstructor - INFO - Workers: 4
2025-11-05 19:00:07,132 - prng_reconstructor - INFO - Seed reconstruction failed: no match found in search space
2025-11-05 19:00:07,133 - key_recovery - WARNING - Key recovery failed for tb1qjgknxyj00luy6fejedjsdwkak8txgea2t4dw2h: no seed found
2025-11-05 19:00:07,133 - key_recovery - INFO - Recovery attempt 60/100: tb1qmf3kxmmwxlzuncq5tef9pgfcwvlzgmy9xagt6h
2025-11-05 19:00:07,133 - key_recovery - INFO - Attempting key recovery for address: tb1qmf3kxmmwxlzuncq5tef9pgfcwvlzgmy9xagt6h
2025-11-05 19:00:07,133 - key_recovery - INFO - Priority score: 45.00
2025-11-05 19:00:07,133 - prng_reconstructor - INFO - Starting parallel seed reconstruction for tb1qmf3kxmmwxlzuncq5tef9pgfcwvlzgmy9xagt6h
2025-11-05 19:00:07,133 - prng_reconstructor - INFO - Seed space: 0 to 65,536 (6.553600e+04)
2025-11-05 19:00:07,133 - prng_reconstructor - INFO - Workers: 4
2025-11-05 19:02:06,497 - prng_reconstructor - INFO - Seed reconstruction failed: no match found in search space
2025-11-05 19:02:06,497 - key_recovery - WARNING - Key recovery failed for tb1qmf3kxmmwxlzuncq5tef9pgfcwvlzgmy9xagt6h: no seed found
2025-11-05 19:02:06,497 - key_recovery - INFO - Recovery attempt 61/100: tb1qfyvkvwg2xhzxpuuhjqnmmklvnnr5dg3v32l4ya
2025-11-05 19:02:06,497 - key_recovery - INFO - Attempting key recovery for address: tb1qfyvkvwg2xhzxpuuhjqnmmklvnnr5dg3v32l4ya
2025-11-05 19:02:06,497 - key_recovery - INFO - Priority score: 45.00
2025-11-05 19:02:06,497 - prng_reconstructor - INFO - Starting parallel seed reconstruction for tb1qfyvkvwg2xhzxpuuhjqnmmklvnnr5dg3v32l4ya
2025-11-05 19:02:06,497 - prng_reconstructor - INFO - Seed space: 0 to 65,536 (6.553600e+04)
2025-11-05 19:02:06,498 - prng_reconstructor - INFO - Workers: 4
2025-11-05 19:04:03,317 - prng_reconstructor - INFO - Seed reconstruction failed: no match found in search space
2025-11-05 19:04:03,317 - key_recovery - WARNING - Key recovery failed for tb1qfyvkvwg2xhzxpuuhjqnmmklvnnr5dg3v32l4ya: no seed found
2025-11-05 19:04:03,317 - key_recovery - INFO - Recovery attempt 62/100: tb1qc0uhz8qh73l2ulpx4afu85ruxu3k29rydkdhtc
2025-11-05 19:04:03,317 - key_recovery - INFO - Attempting key recovery for address: tb1qc0uhz8qh73l2ulpx4afu85ruxu3k29rydkdhtc
2025-11-05 19:04:03,317 - key_recovery - INFO - Priority score: 45.00
2025-11-05 19:04:03,317 - prng_reconstructor - INFO - Starting parallel seed reconstruction for tb1qc0uhz8qh73l2ulpx4afu85ruxu3k29rydkdhtc
2025-11-05 19:04:03,318 - prng_reconstructor - INFO - Seed space: 0 to 65,536 (6.553600e+04)
2025-11-05 19:04:03,318 - prng_reconstructor - INFO - Workers: 4
2025-11-05 19:06:00,135 - prng_reconstructor - INFO - Seed reconstruction failed: no match found in search space
2025-11-05 19:06:00,135 - key_recovery - WARNING - Key recovery failed for tb1qc0uhz8qh73l2ulpx4afu85ruxu3k29rydkdhtc: no seed found
2025-11-05 19:06:00,135 - key_recovery - INFO - Recovery attempt 63/100: tb1q5he2qp22qa64a6qp9pm47e8u6qnf6hwt5mnl88
2025-11-05 19:06:00,135 - key_recovery - INFO - Attempting key recovery for address: tb1q5he2qp22qa64a6qp9pm47e8u6qnf6hwt5mnl88
2025-11-05 19:06:00,135 - key_recovery - INFO - Priority score: 45.00
2025-11-05 19:06:00,135 - prng_reconstructor - INFO - Starting parallel seed reconstruction for tb1q5he2qp22qa64a6qp9pm47e8u6qnf6hwt5mnl88
2025-11-05 19:06:00,135 - prng_reconstructor - INFO - Seed space: 0 to 65,536 (6.553600e+04)
2025-11-05 19:06:00,135 - prng_reconstructor - INFO - Workers: 4
2025-11-05 19:07:56,528 - prng_reconstructor - INFO - Seed reconstruction failed: no match found in search space
2025-11-05 19:07:56,528 - key_recovery - WARNING - Key recovery failed for tb1q5he2qp22qa64a6qp9pm47e8u6qnf6hwt5mnl88: no seed found
2025-11-05 19:07:56,528 - key_recovery - INFO - Recovery attempt 64/100: tb1qdhc2l3d3w348re4j70a0cykvmh47ptwu8fk9nh
2025-11-05 19:07:56,529 - key_recovery - INFO - Attempting key recovery for address: tb1qdhc2l3d3w348re4j70a0cykvmh47ptwu8fk9nh
2025-11-05 19:07:56,529 - key_recovery - INFO - Priority score: 45.00
2025-11-05 19:07:56,529 - prng_reconstructor - INFO - Starting parallel seed reconstruction for tb1qdhc2l3d3w348re4j70a0cykvmh47ptwu8fk9nh
2025-11-05 19:07:56,529 - prng_reconstructor - INFO - Seed space: 0 to 65,536 (6.553600e+04)
2025-11-05 19:07:56,529 - prng_reconstructor - INFO - Workers: 4
2025-11-05 19:10:41,099 - prng_reconstructor - INFO - Seed reconstruction failed: no match found in search space
2025-11-05 19:10:41,099 - key_recovery - WARNING - Key recovery failed for tb1qdhc2l3d3w348re4j70a0cykvmh47ptwu8fk9nh: no seed found
2025-11-05 19:10:41,099 - key_recovery - INFO - Recovery attempt 65/100: tb1qjka5cvulkhxu244tvzdw6q8ungf9zr4q8nzwkd
2025-11-05 19:10:41,099 - key_recovery - INFO - Attempting key recovery for address: tb1qjka5cvulkhxu244tvzdw6q8ungf9zr4q8nzwkd
2025-11-05 19:10:41,099 - key_recovery - INFO - Priority score: 45.00
2025-11-05 19:10:41,099 - prng_reconstructor - INFO - Starting parallel seed reconstruction for tb1qjka5cvulkhxu244tvzdw6q8ungf9zr4q8nzwkd
2025-11-05 19:10:41,100 - prng_reconstructor - INFO - Seed space: 0 to 65,536 (6.553600e+04)
2025-11-05 19:10:41,100 - prng_reconstructor - INFO - Workers: 4
2025-11-05 19:12:39,559 - prng_reconstructor - INFO - Seed reconstruction failed: no match found in search space
2025-11-05 19:12:39,559 - key_recovery - WARNING - Key recovery failed for tb1qjka5cvulkhxu244tvzdw6q8ungf9zr4q8nzwkd: no seed found
2025-11-05 19:12:39,566 - key_recovery - INFO - Recovery attempt 66/100: tb1pw2hn68wgx9nqhq9nhq35h8pthkxnv4afp9klzka9mrhf9cjg2jxqawcvhx
2025-11-05 19:12:39,566 - key_recovery - INFO - Attempting key recovery for address: tb1pw2hn68wgx9nqhq9nhq35h8pthkxnv4afp9klzka9mrhf9cjg2jxqawcvhx
2025-11-05 19:12:39,566 - key_recovery - INFO - Priority score: 40.00
2025-11-05 19:12:39,566 - prng_reconstructor - INFO - Starting parallel seed reconstruction for tb1pw2hn68wgx9nqhq9nhq35h8pthkxnv4afp9klzka9mrhf9cjg2jxqawcvhx
2025-11-05 19:12:39,566 - prng_reconstructor - INFO - Seed space: 0 to 65,536 (6.553600e+04)
2025-11-05 19:12:39,566 - prng_reconstructor - INFO - Workers: 4
2025-11-05 19:14:33,855 - prng_reconstructor - INFO - Seed reconstruction failed: no match found in search space
2025-11-05 19:14:33,855 - key_recovery - WARNING - Key recovery failed for tb1pw2hn68wgx9nqhq9nhq35h8pthkxnv4afp9klzka9mrhf9cjg2jxqawcvhx: no seed found
2025-11-05 19:14:33,886 - key_recovery - INFO - Recovery attempt 67/100: tb1qf9386ynqyz9cek685qn483dx9u2nsezf4fug2r
2025-11-05 19:14:33,886 - key_recovery - INFO - Attempting key recovery for address: tb1qf9386ynqyz9cek685qn483dx9u2nsezf4fug2r
2025-11-05 19:14:33,886 - key_recovery - INFO - Priority score: 37.00
2025-11-05 19:14:33,886 - prng_reconstructor - INFO - Starting parallel seed reconstruction for tb1qf9386ynqyz9cek685qn483dx9u2nsezf4fug2r
2025-11-05 19:14:33,886 - prng_reconstructor - INFO - Seed space: 0 to 65,536 (6.553600e+04)
2025-11-05 19:14:33,886 - prng_reconstructor - INFO - Workers: 4
2025-11-05 19:16:26,991 - prng_reconstructor - INFO - Seed reconstruction failed: no match found in search space
2025-11-05 19:16:26,991 - key_recovery - WARNING - Key recovery failed for tb1qf9386ynqyz9cek685qn483dx9u2nsezf4fug2r: no seed found
2025-11-05 19:16:26,991 - key_recovery - INFO - Recovery attempt 68/100: tb1qpw693a6l8yvp25n88gz3hjwr5pq3lfpnfdersa
2025-11-05 19:16:26,991 - key_recovery - INFO - Attempting key recovery for address: tb1qpw693a6l8yvp25n88gz3hjwr5pq3lfpnfdersa
2025-11-05 19:16:26,991 - key_recovery - INFO - Priority score: 37.00
2025-11-05 19:16:26,991 - prng_reconstructor - INFO - Starting parallel seed reconstruction for tb1qpw693a6l8yvp25n88gz3hjwr5pq3lfpnfdersa
2025-11-05 19:16:26,991 - prng_reconstructor - INFO - Seed space: 0 to 65,536 (6.553600e+04)
2025-11-05 19:16:26,991 - prng_reconstructor - INFO - Workers: 4
2025-11-05 19:18:39,323 - prng_reconstructor - INFO - Seed reconstruction failed: no match found in search space
2025-11-05 19:18:39,323 - key_recovery - WARNING - Key recovery failed for tb1qpw693a6l8yvp25n88gz3hjwr5pq3lfpnfdersa: no seed found
2025-11-05 19:18:39,323 - key_recovery - INFO - Recovery attempt 69/100: tb1q8cjs6fhmlaaflzd9cegjlmu5fs6u67mhh8gcu0
2025-11-05 19:18:39,323 - key_recovery - INFO - Attempting key recovery for address: tb1q8cjs6fhmlaaflzd9cegjlmu5fs6u67mhh8gcu0
2025-11-05 19:18:39,323 - key_recovery - INFO - Priority score: 37.00
2025-11-05 19:18:39,323 - prng_reconstructor - INFO - Starting parallel seed reconstruction for tb1q8cjs6fhmlaaflzd9cegjlmu5fs6u67mhh8gcu0
2025-11-05 19:18:39,323 - prng_reconstructor - INFO - Seed space: 0 to 65,536 (6.553600e+04)
2025-11-05 19:18:39,323 - prng_reconstructor - INFO - Workers: 4
2025-11-05 19:21:11,537 - prng_reconstructor - INFO - Seed reconstruction failed: no match found in search space
2025-11-05 19:21:11,554 - key_recovery - WARNING - Key recovery failed for tb1q8cjs6fhmlaaflzd9cegjlmu5fs6u67mhh8gcu0: no seed found
2025-11-05 19:21:11,563 - key_recovery - INFO - Recovery attempt 70/100: tb1qhcgu6f353c2ranqkuwx8h74wyh4zzm5umlmqhl
2025-11-05 19:21:11,563 - key_recovery - INFO - Attempting key recovery for address: tb1qhcgu6f353c2ranqkuwx8h74wyh4zzm5umlmqhl
2025-11-05 19:21:11,563 - key_recovery - INFO - Priority score: 37.00
2025-11-05 19:21:11,563 - prng_reconstructor - INFO - Starting parallel seed reconstruction for tb1qhcgu6f353c2ranqkuwx8h74wyh4zzm5umlmqhl
2025-11-05 19:21:11,563 - prng_reconstructor - INFO - Seed space: 0 to 65,536 (6.553600e+04)
2025-11-05 19:21:11,563 - prng_reconstructor - INFO - Workers: 4
2025-11-05 19:23:08,186 - prng_reconstructor - INFO - Seed reconstruction failed: no match found in search space
2025-11-05 19:23:08,186 - key_recovery - WARNING - Key recovery failed for tb1qhcgu6f353c2ranqkuwx8h74wyh4zzm5umlmqhl: no seed found
2025-11-05 19:23:08,304 - key_recovery - INFO - Recovery attempt 71/100: tb1qsmul7238upywp3k6p4qm2a25tlp59glyn7jzr2
2025-11-05 19:23:08,304 - key_recovery - INFO - Attempting key recovery for address: tb1qsmul7238upywp3k6p4qm2a25tlp59glyn7jzr2
2025-11-05 19:23:08,304 - key_recovery - INFO - Priority score: 37.00
2025-11-05 19:23:08,304 - prng_reconstructor - INFO - Starting parallel seed reconstruction for tb1qsmul7238upywp3k6p4qm2a25tlp59glyn7jzr2
2025-11-05 19:23:08,304 - prng_reconstructor - INFO - Seed space: 0 to 65,536 (6.553600e+04)
2025-11-05 19:23:08,304 - prng_reconstructor - INFO - Workers: 4
2025-11-05 19:24:56,778 - prng_reconstructor - INFO - Seed reconstruction failed: no match found in search space
2025-11-05 19:24:56,779 - key_recovery - WARNING - Key recovery failed for tb1qsmul7238upywp3k6p4qm2a25tlp59glyn7jzr2: no seed found
2025-11-05 19:24:56,779 - key_recovery - INFO - Recovery attempt 72/100: tb1qnvlqx6jh5xpgl654z7c2h9ahhl4pxeh8qyc73n
2025-11-05 19:24:56,779 - key_recovery - INFO - Attempting key recovery for address: tb1qnvlqx6jh5xpgl654z7c2h9ahhl4pxeh8qyc73n
2025-11-05 19:24:56,779 - key_recovery - INFO - Priority score: 37.00
2025-11-05 19:24:56,779 - prng_reconstructor - INFO - Starting parallel seed reconstruction for tb1qnvlqx6jh5xpgl654z7c2h9ahhl4pxeh8qyc73n
2025-11-05 19:24:56,779 - prng_reconstructor - INFO - Seed space: 0 to 65,536 (6.553600e+04)
2025-11-05 19:24:56,779 - prng_reconstructor - INFO - Workers: 4
2025-11-05 19:26:47,734 - prng_reconstructor - INFO - Seed reconstruction failed: no match found in search space
2025-11-05 19:26:47,734 - key_recovery - WARNING - Key recovery failed for tb1qnvlqx6jh5xpgl654z7c2h9ahhl4pxeh8qyc73n: no seed found
2025-11-05 19:26:47,734 - key_recovery - INFO - Recovery attempt 73/100: tb1qw2c3lxufxqe2x9s4rdzh65tpf4d7fssjgh8nv6
2025-11-05 19:26:47,734 - key_recovery - INFO - Attempting key recovery for address: tb1qw2c3lxufxqe2x9s4rdzh65tpf4d7fssjgh8nv6
2025-11-05 19:26:47,734 - key_recovery - INFO - Priority score: 37.00
2025-11-05 19:26:47,735 - prng_reconstructor - INFO - Starting parallel seed reconstruction for tb1qw2c3lxufxqe2x9s4rdzh65tpf4d7fssjgh8nv6
2025-11-05 19:26:47,735 - prng_reconstructor - INFO - Seed space: 0 to 65,536 (6.553600e+04)
2025-11-05 19:26:47,735 - prng_reconstructor - INFO - Workers: 4
2025-11-05 19:28:41,705 - prng_reconstructor - INFO - Seed reconstruction failed: no match found in search space
2025-11-05 19:28:41,705 - key_recovery - WARNING - Key recovery failed for tb1qw2c3lxufxqe2x9s4rdzh65tpf4d7fssjgh8nv6: no seed found
2025-11-05 19:28:41,705 - key_recovery - INFO - Recovery attempt 74/100: tb1qgd9r4gxrg2razvfut5qnje0naauag8agzya06e
2025-11-05 19:28:41,705 - key_recovery - INFO - Attempting key recovery for address: tb1qgd9r4gxrg2razvfut5qnje0naauag8agzya06e
2025-11-05 19:28:41,705 - key_recovery - INFO - Priority score: 37.00
2025-11-05 19:28:41,705 - prng_reconstructor - INFO - Starting parallel seed reconstruction for tb1qgd9r4gxrg2razvfut5qnje0naauag8agzya06e
2025-11-05 19:28:41,705 - prng_reconstructor - INFO - Seed space: 0 to 65,536 (6.553600e+04)
2025-11-05 19:28:41,705 - prng_reconstructor - INFO - Workers: 4
2025-11-05 19:30:39,757 - prng_reconstructor - INFO - Seed reconstruction failed: no match found in search space
2025-11-05 19:30:39,757 - key_recovery - WARNING - Key recovery failed for tb1qgd9r4gxrg2razvfut5qnje0naauag8agzya06e: no seed found
2025-11-05 19:30:39,757 - key_recovery - INFO - Recovery attempt 75/100: mp52VHqmkNgzzuuM9Fcc6uXrrzH4SvL3Yx
2025-11-05 19:30:39,757 - key_recovery - INFO - Attempting key recovery for address: mp52VHqmkNgzzuuM9Fcc6uXrrzH4SvL3Yx
2025-11-05 19:30:39,757 - key_recovery - INFO - Priority score: 35.00
2025-11-05 19:30:39,757 - prng_reconstructor - INFO - Starting parallel seed reconstruction for mp52VHqmkNgzzuuM9Fcc6uXrrzH4SvL3Yx
2025-11-05 19:30:39,757 - prng_reconstructor - INFO - Seed space: 0 to 65,536 (6.553600e+04)
2025-11-05 19:30:39,757 - prng_reconstructor - INFO - Workers: 4
2025-11-05 19:32:40,934 - prng_reconstructor - INFO - Seed reconstruction failed: no match found in search space
2025-11-05 19:32:40,934 - key_recovery - WARNING - Key recovery failed for mp52VHqmkNgzzuuM9Fcc6uXrrzH4SvL3Yx: no seed found
2025-11-05 19:32:40,934 - key_recovery - INFO - Recovery attempt 76/100: tb1q9hgyvdu3px95md89qh89my2gatg7jhtqsp8uj3
2025-11-05 19:32:40,934 - key_recovery - INFO - Attempting key recovery for address: tb1q9hgyvdu3px95md89qh89my2gatg7jhtqsp8uj3
2025-11-05 19:32:40,934 - key_recovery - INFO - Priority score: 35.00
2025-11-05 19:32:40,934 - prng_reconstructor - INFO - Starting parallel seed reconstruction for tb1q9hgyvdu3px95md89qh89my2gatg7jhtqsp8uj3
2025-11-05 19:32:40,934 - prng_reconstructor - INFO - Seed space: 0 to 65,536 (6.553600e+04)
2025-11-05 19:32:40,934 - prng_reconstructor - INFO - Workers: 4
2025-11-05 19:34:39,013 - prng_reconstructor - INFO - Seed reconstruction failed: no match found in search space
2025-11-05 19:34:39,013 - key_recovery - WARNING - Key recovery failed for tb1q9hgyvdu3px95md89qh89my2gatg7jhtqsp8uj3: no seed found
2025-11-05 19:34:39,021 - key_recovery - INFO - Recovery attempt 77/100: tb1qmf5pdg29guzvm5pngqmawfywdf357tjh85vs2a
2025-11-05 19:34:39,021 - key_recovery - INFO - Attempting key recovery for address: tb1qmf5pdg29guzvm5pngqmawfywdf357tjh85vs2a
2025-11-05 19:34:39,022 - key_recovery - INFO - Priority score: 35.00
2025-11-05 19:34:39,022 - prng_reconstructor - INFO - Starting parallel seed reconstruction for tb1qmf5pdg29guzvm5pngqmawfywdf357tjh85vs2a
2025-11-05 19:34:39,022 - prng_reconstructor - INFO - Seed space: 0 to 65,536 (6.553600e+04)
2025-11-05 19:34:39,022 - prng_reconstructor - INFO - Workers: 4
2025-11-05 19:36:38,821 - prng_reconstructor - INFO - Seed reconstruction failed: no match found in search space
2025-11-05 19:36:38,822 - key_recovery - WARNING - Key recovery failed for tb1qmf5pdg29guzvm5pngqmawfywdf357tjh85vs2a: no seed found
2025-11-05 19:36:38,822 - key_recovery - INFO - Recovery attempt 78/100: tb1p8qh68rvq2aq4qswq0mu2unv2nzf5serfs4rvd4a77yhnqn00khssscgwqs
2025-11-05 19:36:38,822 - key_recovery - INFO - Attempting key recovery for address: tb1p8qh68rvq2aq4qswq0mu2unv2nzf5serfs4rvd4a77yhnqn00khssscgwqs
2025-11-05 19:36:38,822 - key_recovery - INFO - Priority score: 35.00
2025-11-05 19:36:38,822 - prng_reconstructor - INFO - Starting parallel seed reconstruction for tb1p8qh68rvq2aq4qswq0mu2unv2nzf5serfs4rvd4a77yhnqn00khssscgwqs
2025-11-05 19:36:38,822 - prng_reconstructor - INFO - Seed space: 0 to 65,536 (6.553600e+04)
2025-11-05 19:36:38,822 - prng_reconstructor - INFO - Workers: 4
2025-11-05 19:38:26,993 - prng_reconstructor - INFO - Seed reconstruction failed: no match found in search space
2025-11-05 19:38:26,993 - key_recovery - WARNING - Key recovery failed for tb1p8qh68rvq2aq4qswq0mu2unv2nzf5serfs4rvd4a77yhnqn00khssscgwqs: no seed found
2025-11-05 19:38:26,994 - key_recovery - INFO - Recovery attempt 79/100: tb1p7y86tuw2p6vle767dacvde72n4a8r7nljekqm9zxy6gnmzy6xrnq5dkqdq
2025-11-05 19:38:26,994 - key_recovery - INFO - Attempting key recovery for address: tb1p7y86tuw2p6vle767dacvde72n4a8r7nljekqm9zxy6gnmzy6xrnq5dkqdq
2025-11-05 19:38:26,994 - key_recovery - INFO - Priority score: 35.00
2025-11-05 19:38:26,994 - prng_reconstructor - INFO - Starting parallel seed reconstruction for tb1p7y86tuw2p6vle767dacvde72n4a8r7nljekqm9zxy6gnmzy6xrnq5dkqdq
2025-11-05 19:38:26,994 - prng_reconstructor - INFO - Seed space: 0 to 65,536 (6.553600e+04)
2025-11-05 19:38:26,994 - prng_reconstructor - INFO - Workers: 4
2025-11-05 19:40:20,687 - prng_reconstructor - INFO - Seed reconstruction failed: no match found in search space
2025-11-05 19:40:20,688 - key_recovery - WARNING - Key recovery failed for tb1p7y86tuw2p6vle767dacvde72n4a8r7nljekqm9zxy6gnmzy6xrnq5dkqdq: no seed found
2025-11-05 19:40:20,688 - key_recovery - INFO - Recovery attempt 80/100: tb1qashx6f8kw29fq5rwcnpuzh5aufu24xquevdk7y
2025-11-05 19:40:20,688 - key_recovery - INFO - Attempting key recovery for address: tb1qashx6f8kw29fq5rwcnpuzh5aufu24xquevdk7y
2025-11-05 19:40:20,688 - key_recovery - INFO - Priority score: 35.00
2025-11-05 19:40:20,688 - prng_reconstructor - INFO - Starting parallel seed reconstruction for tb1qashx6f8kw29fq5rwcnpuzh5aufu24xquevdk7y
2025-11-05 19:40:20,688 - prng_reconstructor - INFO - Seed space: 0 to 65,536 (6.553600e+04)
2025-11-05 19:40:20,688 - prng_reconstructor - INFO - Workers: 4
2025-11-05 19:42:20,763 - prng_reconstructor - INFO - Seed reconstruction failed: no match found in search space
2025-11-05 19:42:20,763 - key_recovery - WARNING - Key recovery failed for tb1qashx6f8kw29fq5rwcnpuzh5aufu24xquevdk7y: no seed found
2025-11-05 19:42:20,763 - key_recovery - INFO - Recovery attempt 81/100: tb1qwzac060kz4wyczdvl46sp9nrtp60cgp4x9gewm
2025-11-05 19:42:20,763 - key_recovery - INFO - Attempting key recovery for address: tb1qwzac060kz4wyczdvl46sp9nrtp60cgp4x9gewm
2025-11-05 19:42:20,763 - key_recovery - INFO - Priority score: 35.00
2025-11-05 19:42:20,763 - prng_reconstructor - INFO - Starting parallel seed reconstruction for tb1qwzac060kz4wyczdvl46sp9nrtp60cgp4x9gewm
2025-11-05 19:42:20,763 - prng_reconstructor - INFO - Seed space: 0 to 65,536 (6.553600e+04)
2025-11-05 19:42:20,764 - prng_reconstructor - INFO - Workers: 4
2025-11-05 19:44:21,420 - prng_reconstructor - INFO - Seed reconstruction failed: no match found in search space
2025-11-05 19:44:21,420 - key_recovery - WARNING - Key recovery failed for tb1qwzac060kz4wyczdvl46sp9nrtp60cgp4x9gewm: no seed found
2025-11-05 19:44:21,420 - key_recovery - INFO - Recovery attempt 82/100: tb1qkpds9027dv2yuuvuf67kd7ud9t9z47vx4esaje
2025-11-05 19:44:21,420 - key_recovery - INFO - Attempting key recovery for address: tb1qkpds9027dv2yuuvuf67kd7ud9t9z47vx4esaje
2025-11-05 19:44:21,420 - key_recovery - INFO - Priority score: 35.00
2025-11-05 19:44:21,420 - prng_reconstructor - INFO - Starting parallel seed reconstruction for tb1qkpds9027dv2yuuvuf67kd7ud9t9z47vx4esaje
2025-11-05 19:44:21,420 - prng_reconstructor - INFO - Seed space: 0 to 65,536 (6.553600e+04)
2025-11-05 19:44:21,420 - prng_reconstructor - INFO - Workers: 4
2025-11-05 19:46:14,314 - prng_reconstructor - INFO - Seed reconstruction failed: no match found in search space
2025-11-05 19:46:14,314 - key_recovery - WARNING - Key recovery failed for tb1qkpds9027dv2yuuvuf67kd7ud9t9z47vx4esaje: no seed found
2025-11-05 19:46:14,314 - key_recovery - INFO - Recovery attempt 83/100: tb1q2thl5qjx5cdyge4snq5f9xyheup5zuc4egxlcx
2025-11-05 19:46:14,314 - key_recovery - INFO - Attempting key recovery for address: tb1q2thl5qjx5cdyge4snq5f9xyheup5zuc4egxlcx
2025-11-05 19:46:14,314 - key_recovery - INFO - Priority score: 35.00
2025-11-05 19:46:14,314 - prng_reconstructor - INFO - Starting parallel seed reconstruction for tb1q2thl5qjx5cdyge4snq5f9xyheup5zuc4egxlcx
2025-11-05 19:46:14,314 - prng_reconstructor - INFO - Seed space: 0 to 65,536 (6.553600e+04)
2025-11-05 19:46:14,314 - prng_reconstructor - INFO - Workers: 4
2025-11-05 19:48:16,579 - prng_reconstructor - INFO - Seed reconstruction failed: no match found in search space
2025-11-05 19:48:16,579 - key_recovery - WARNING - Key recovery failed for tb1q2thl5qjx5cdyge4snq5f9xyheup5zuc4egxlcx: no seed found
2025-11-05 19:48:16,579 - key_recovery - INFO - Recovery attempt 84/100: tb1q77hz5gj0050k5p4vsx9dgy368fhamakdr22n5h
2025-11-05 19:48:16,579 - key_recovery - INFO - Attempting key recovery for address: tb1q77hz5gj0050k5p4vsx9dgy368fhamakdr22n5h
2025-11-05 19:48:16,579 - key_recovery - INFO - Priority score: 35.00
2025-11-05 19:48:16,579 - prng_reconstructor - INFO - Starting parallel seed reconstruction for tb1q77hz5gj0050k5p4vsx9dgy368fhamakdr22n5h
2025-11-05 19:48:16,579 - prng_reconstructor - INFO - Seed space: 0 to 65,536 (6.553600e+04)
2025-11-05 19:48:16,579 - prng_reconstructor - INFO - Workers: 4
2025-11-05 19:50:12,996 - prng_reconstructor - INFO - Seed reconstruction failed: no match found in search space
2025-11-05 19:50:12,996 - key_recovery - WARNING - Key recovery failed for tb1q77hz5gj0050k5p4vsx9dgy368fhamakdr22n5h: no seed found
2025-11-05 19:50:12,996 - key_recovery - INFO - Recovery attempt 85/100: tb1qjmdk4y55ftn47wvhwdlhuf99pjf95zcxy2n7rq
2025-11-05 19:50:12,996 - key_recovery - INFO - Attempting key recovery for address: tb1qjmdk4y55ftn47wvhwdlhuf99pjf95zcxy2n7rq
2025-11-05 19:50:12,996 - key_recovery - INFO - Priority score: 35.00
2025-11-05 19:50:12,996 - prng_reconstructor - INFO - Starting parallel seed reconstruction for tb1qjmdk4y55ftn47wvhwdlhuf99pjf95zcxy2n7rq
2025-11-05 19:50:12,996 - prng_reconstructor - INFO - Seed space: 0 to 65,536 (6.553600e+04)
2025-11-05 19:50:12,996 - prng_reconstructor - INFO - Workers: 4
2025-11-05 19:52:10,518 - prng_reconstructor - INFO - Seed reconstruction failed: no match found in search space
2025-11-05 19:52:10,518 - key_recovery - WARNING - Key recovery failed for tb1qjmdk4y55ftn47wvhwdlhuf99pjf95zcxy2n7rq: no seed found
2025-11-05 19:52:10,518 - key_recovery - INFO - Recovery attempt 86/100: tb1qtmrfp2u5nk4jfmk5f4jeyvny59ezmlzxau9m8e
2025-11-05 19:52:10,518 - key_recovery - INFO - Attempting key recovery for address: tb1qtmrfp2u5nk4jfmk5f4jeyvny59ezmlzxau9m8e
2025-11-05 19:52:10,518 - key_recovery - INFO - Priority score: 35.00
2025-11-05 19:52:10,518 - prng_reconstructor - INFO - Starting parallel seed reconstruction for tb1qtmrfp2u5nk4jfmk5f4jeyvny59ezmlzxau9m8e
2025-11-05 19:52:10,518 - prng_reconstructor - INFO - Seed space: 0 to 65,536 (6.553600e+04)
2025-11-05 19:52:10,518 - prng_reconstructor - INFO - Workers: 4
2025-11-05 19:54:05,510 - prng_reconstructor - INFO - Seed reconstruction failed: no match found in search space
2025-11-05 19:54:05,510 - key_recovery - WARNING - Key recovery failed for tb1qtmrfp2u5nk4jfmk5f4jeyvny59ezmlzxau9m8e: no seed found
2025-11-05 19:54:05,510 - key_recovery - INFO - Recovery attempt 87/100: tb1qkhfkacnyq2e9vwj6drzw92qhmp4tuk4y3lhrjx
2025-11-05 19:54:05,510 - key_recovery - INFO - Attempting key recovery for address: tb1qkhfkacnyq2e9vwj6drzw92qhmp4tuk4y3lhrjx
2025-11-05 19:54:05,510 - key_recovery - INFO - Priority score: 35.00
2025-11-05 19:54:05,510 - prng_reconstructor - INFO - Starting parallel seed reconstruction for tb1qkhfkacnyq2e9vwj6drzw92qhmp4tuk4y3lhrjx
2025-11-05 19:54:05,510 - prng_reconstructor - INFO - Seed space: 0 to 65,536 (6.553600e+04)
2025-11-05 19:54:05,510 - prng_reconstructor - INFO - Workers: 4
2025-11-05 19:56:06,700 - prng_reconstructor - INFO - Seed reconstruction failed: no match found in search space
2025-11-05 19:56:06,700 - key_recovery - WARNING - Key recovery failed for tb1qkhfkacnyq2e9vwj6drzw92qhmp4tuk4y3lhrjx: no seed found
2025-11-05 19:56:06,700 - key_recovery - INFO - Recovery attempt 88/100: tb1q48rrf3p9u0uvf7ezmatt22c4nkxyvvgezrga5k
2025-11-05 19:56:06,700 - key_recovery - INFO - Attempting key recovery for address: tb1q48rrf3p9u0uvf7ezmatt22c4nkxyvvgezrga5k
2025-11-05 19:56:06,700 - key_recovery - INFO - Priority score: 35.00
2025-11-05 19:56:06,700 - prng_reconstructor - INFO - Starting parallel seed reconstruction for tb1q48rrf3p9u0uvf7ezmatt22c4nkxyvvgezrga5k
2025-11-05 19:56:06,700 - prng_reconstructor - INFO - Seed space: 0 to 65,536 (6.553600e+04)
2025-11-05 19:56:06,700 - prng_reconstructor - INFO - Workers: 4
2025-11-05 19:58:09,013 - prng_reconstructor - INFO - Seed reconstruction failed: no match found in search space
2025-11-05 19:58:09,014 - key_recovery - WARNING - Key recovery failed for tb1q48rrf3p9u0uvf7ezmatt22c4nkxyvvgezrga5k: no seed found
2025-11-05 19:58:09,014 - key_recovery - INFO - Recovery attempt 89/100: tb1qu9pxx4cg8g87avedaf7vkpeqf5sa55jfll45du
2025-11-05 19:58:09,014 - key_recovery - INFO - Attempting key recovery for address: tb1qu9pxx4cg8g87avedaf7vkpeqf5sa55jfll45du
2025-11-05 19:58:09,014 - key_recovery - INFO - Priority score: 35.00
2025-11-05 19:58:09,014 - prng_reconstructor - INFO - Starting parallel seed reconstruction for tb1qu9pxx4cg8g87avedaf7vkpeqf5sa55jfll45du
2025-11-05 19:58:09,014 - prng_reconstructor - INFO - Seed space: 0 to 65,536 (6.553600e+04)
2025-11-05 19:58:09,014 - prng_reconstructor - INFO - Workers: 4
2025-11-05 20:00:02,785 - prng_reconstructor - INFO - Seed reconstruction failed: no match found in search space
2025-11-05 20:00:02,785 - key_recovery - WARNING - Key recovery failed for tb1qu9pxx4cg8g87avedaf7vkpeqf5sa55jfll45du: no seed found
2025-11-05 20:00:02,785 - key_recovery - INFO - Recovery attempt 90/100: tb1qe53fq47trq7tnkjht55cgssthjypwvsw476q65
2025-11-05 20:00:02,785 - key_recovery - INFO - Attempting key recovery for address: tb1qe53fq47trq7tnkjht55cgssthjypwvsw476q65
2025-11-05 20:00:02,785 - key_recovery - INFO - Priority score: 35.00
2025-11-05 20:00:02,785 - prng_reconstructor - INFO - Starting parallel seed reconstruction for tb1qe53fq47trq7tnkjht55cgssthjypwvsw476q65
2025-11-05 20:00:02,785 - prng_reconstructor - INFO - Seed space: 0 to 65,536 (6.553600e+04)
2025-11-05 20:00:02,785 - prng_reconstructor - INFO - Workers: 4
2025-11-05 20:02:01,531 - prng_reconstructor - INFO - Seed reconstruction failed: no match found in search space
2025-11-05 20:02:01,531 - key_recovery - WARNING - Key recovery failed for tb1qe53fq47trq7tnkjht55cgssthjypwvsw476q65: no seed found
2025-11-05 20:02:01,531 - key_recovery - INFO - Recovery attempt 91/100: tb1qqtuwzvg9za98dwe7g7r202y6cxe82hl6tt64f7
2025-11-05 20:02:01,531 - key_recovery - INFO - Attempting key recovery for address: tb1qqtuwzvg9za98dwe7g7r202y6cxe82hl6tt64f7
2025-11-05 20:02:01,531 - key_recovery - INFO - Priority score: 35.00
2025-11-05 20:02:01,531 - prng_reconstructor - INFO - Starting parallel seed reconstruction for tb1qqtuwzvg9za98dwe7g7r202y6cxe82hl6tt64f7
2025-11-05 20:02:01,531 - prng_reconstructor - INFO - Seed space: 0 to 65,536 (6.553600e+04)
2025-11-05 20:02:01,531 - prng_reconstructor - INFO - Workers: 4
2025-11-05 20:03:59,069 - prng_reconstructor - INFO - Seed reconstruction failed: no match found in search space
2025-11-05 20:03:59,069 - key_recovery - WARNING - Key recovery failed for tb1qqtuwzvg9za98dwe7g7r202y6cxe82hl6tt64f7: no seed found
2025-11-05 20:03:59,196 - key_recovery - INFO - Recovery attempt 92/100: 2MxQDRytQtPURyowd5ZgoJGJB53coMJBRNF
2025-11-05 20:03:59,196 - key_recovery - INFO - Attempting key recovery for address: 2MxQDRytQtPURyowd5ZgoJGJB53coMJBRNF
2025-11-05 20:03:59,196 - key_recovery - INFO - Priority score: 35.00
2025-11-05 20:03:59,197 - prng_reconstructor - INFO - Starting parallel seed reconstruction for 2MxQDRytQtPURyowd5ZgoJGJB53coMJBRNF
2025-11-05 20:03:59,197 - prng_reconstructor - INFO - Seed space: 0 to 65,536 (6.553600e+04)
2025-11-05 20:03:59,197 - prng_reconstructor - INFO - Workers: 4
2025-11-05 20:05:57,753 - prng_reconstructor - INFO - Seed reconstruction failed: no match found in search space
2025-11-05 20:05:57,753 - key_recovery - WARNING - Key recovery failed for 2MxQDRytQtPURyowd5ZgoJGJB53coMJBRNF: no seed found
2025-11-05 20:05:57,753 - key_recovery - INFO - Recovery attempt 93/100: 2NDeDsPXziRBtdy2Wx2vAhpytWB7ufa8aJY
2025-11-05 20:05:57,753 - key_recovery - INFO - Attempting key recovery for address: 2NDeDsPXziRBtdy2Wx2vAhpytWB7ufa8aJY
2025-11-05 20:05:57,753 - key_recovery - INFO - Priority score: 35.00
2025-11-05 20:05:57,753 - prng_reconstructor - INFO - Starting parallel seed reconstruction for 2NDeDsPXziRBtdy2Wx2vAhpytWB7ufa8aJY
2025-11-05 20:05:57,754 - prng_reconstructor - INFO - Seed space: 0 to 65,536 (6.553600e+04)
2025-11-05 20:05:57,754 - prng_reconstructor - INFO - Workers: 4
2025-11-05 20:07:57,746 - prng_reconstructor - INFO - Seed reconstruction failed: no match found in search space
2025-11-05 20:07:57,746 - key_recovery - WARNING - Key recovery failed for 2NDeDsPXziRBtdy2Wx2vAhpytWB7ufa8aJY: no seed found
2025-11-05 20:07:57,746 - key_recovery - INFO - Recovery attempt 94/100: tb1q292ugqqcklpnzlngn490h7n3f7ut0nt8tuxqxz
2025-11-05 20:07:57,746 - key_recovery - INFO - Attempting key recovery for address: tb1q292ugqqcklpnzlngn490h7n3f7ut0nt8tuxqxz
2025-11-05 20:07:57,746 - key_recovery - INFO - Priority score: 35.00
2025-11-05 20:07:57,746 - prng_reconstructor - INFO - Starting parallel seed reconstruction for tb1q292ugqqcklpnzlngn490h7n3f7ut0nt8tuxqxz
2025-11-05 20:07:57,746 - prng_reconstructor - INFO - Seed space: 0 to 65,536 (6.553600e+04)
2025-11-05 20:07:57,746 - prng_reconstructor - INFO - Workers: 4
2025-11-05 20:10:13,349 - prng_reconstructor - INFO - Seed reconstruction failed: no match found in search space
2025-11-05 20:10:13,350 - key_recovery - WARNING - Key recovery failed for tb1q292ugqqcklpnzlngn490h7n3f7ut0nt8tuxqxz: no seed found
2025-11-05 20:10:13,350 - key_recovery - INFO - Recovery attempt 95/100: tb1q3j3rhxqjvanvzu7fvtsjgn7svdcz52ssj4vmns
2025-11-05 20:10:13,350 - key_recovery - INFO - Attempting key recovery for address: tb1q3j3rhxqjvanvzu7fvtsjgn7svdcz52ssj4vmns
2025-11-05 20:10:13,350 - key_recovery - INFO - Priority score: 35.00
2025-11-05 20:10:13,350 - prng_reconstructor - INFO - Starting parallel seed reconstruction for tb1q3j3rhxqjvanvzu7fvtsjgn7svdcz52ssj4vmns
2025-11-05 20:10:13,350 - prng_reconstructor - INFO - Seed space: 0 to 65,536 (6.553600e+04)
2025-11-05 20:10:13,350 - prng_reconstructor - INFO - Workers: 4
2025-11-05 20:12:05,520 - prng_reconstructor - INFO - Seed reconstruction failed: no match found in search space
2025-11-05 20:12:05,521 - key_recovery - WARNING - Key recovery failed for tb1q3j3rhxqjvanvzu7fvtsjgn7svdcz52ssj4vmns: no seed found
2025-11-05 20:12:05,521 - key_recovery - INFO - Recovery attempt 96/100: tb1q4kw7vxcfy86y2mwhtsnqquyful6ux9ltr6kpe8
2025-11-05 20:12:05,521 - key_recovery - INFO - Attempting key recovery for address: tb1q4kw7vxcfy86y2mwhtsnqquyful6ux9ltr6kpe8
2025-11-05 20:12:05,521 - key_recovery - INFO - Priority score: 35.00
2025-11-05 20:12:05,521 - prng_reconstructor - INFO - Starting parallel seed reconstruction for tb1q4kw7vxcfy86y2mwhtsnqquyful6ux9ltr6kpe8
2025-11-05 20:12:05,521 - prng_reconstructor - INFO - Seed space: 0 to 65,536 (6.553600e+04)
2025-11-05 20:12:05,521 - prng_reconstructor - INFO - Workers: 4
2025-11-05 20:13:50,224 - prng_reconstructor - INFO - Seed reconstruction failed: no match found in search space
2025-11-05 20:13:50,225 - key_recovery - WARNING - Key recovery failed for tb1q4kw7vxcfy86y2mwhtsnqquyful6ux9ltr6kpe8: no seed found
2025-11-05 20:13:50,225 - key_recovery - INFO - Recovery attempt 97/100: tb1qm8ucg0d2ty7fqre9zx9j0dd56f676xvyjxpl47
2025-11-05 20:13:50,225 - key_recovery - INFO - Attempting key recovery for address: tb1qm8ucg0d2ty7fqre9zx9j0dd56f676xvyjxpl47
2025-11-05 20:13:50,225 - key_recovery - INFO - Priority score: 35.00
2025-11-05 20:13:50,225 - prng_reconstructor - INFO - Starting parallel seed reconstruction for tb1qm8ucg0d2ty7fqre9zx9j0dd56f676xvyjxpl47
2025-11-05 20:13:50,225 - prng_reconstructor - INFO - Seed space: 0 to 65,536 (6.553600e+04)
2025-11-05 20:13:50,225 - prng_reconstructor - INFO - Workers: 4
2025-11-05 20:15:48,192 - prng_reconstructor - INFO - Seed reconstruction failed: no match found in search space
2025-11-05 20:15:48,192 - key_recovery - WARNING - Key recovery failed for tb1qm8ucg0d2ty7fqre9zx9j0dd56f676xvyjxpl47: no seed found
2025-11-05 20:15:48,193 - key_recovery - INFO - Recovery attempt 98/100: tb1qtnus3wmqyrspcw24xc2agc7qvtfs4yvuf0xj0p
2025-11-05 20:15:48,193 - key_recovery - INFO - Attempting key recovery for address: tb1qtnus3wmqyrspcw24xc2agc7qvtfs4yvuf0xj0p
2025-11-05 20:15:48,193 - key_recovery - INFO - Priority score: 35.00
2025-11-05 20:15:48,193 - prng_reconstructor - INFO - Starting parallel seed reconstruction for tb1qtnus3wmqyrspcw24xc2agc7qvtfs4yvuf0xj0p
2025-11-05 20:15:48,193 - prng_reconstructor - INFO - Seed space: 0 to 65,536 (6.553600e+04)
2025-11-05 20:15:48,193 - prng_reconstructor - INFO - Workers: 4
2025-11-05 20:17:38,515 - prng_reconstructor - INFO - Seed reconstruction failed: no match found in search space
2025-11-05 20:17:38,515 - key_recovery - WARNING - Key recovery failed for tb1qtnus3wmqyrspcw24xc2agc7qvtfs4yvuf0xj0p: no seed found
2025-11-05 20:17:38,515 - key_recovery - INFO - Recovery attempt 99/100: tb1qlslwed2t06mrahctucgz38w6r7hncpvy6y0nc4
2025-11-05 20:17:38,515 - key_recovery - INFO - Attempting key recovery for address: tb1qlslwed2t06mrahctucgz38w6r7hncpvy6y0nc4
2025-11-05 20:17:38,515 - key_recovery - INFO - Priority score: 35.00
2025-11-05 20:17:38,515 - prng_reconstructor - INFO - Starting parallel seed reconstruction for tb1qlslwed2t06mrahctucgz38w6r7hncpvy6y0nc4
2025-11-05 20:17:38,515 - prng_reconstructor - INFO - Seed space: 0 to 65,536 (6.553600e+04)
2025-11-05 20:17:38,515 - prng_reconstructor - INFO - Workers: 4
2025-11-05 20:19:43,404 - prng_reconstructor - INFO - Seed reconstruction failed: no match found in search space
2025-11-05 20:19:43,404 - key_recovery - WARNING - Key recovery failed for tb1qlslwed2t06mrahctucgz38w6r7hncpvy6y0nc4: no seed found
2025-11-05 20:19:43,404 - key_recovery - INFO - Recovery attempt 100/100: tb1qzjce5zw7j3ugd0hvcfkm4j4y5ly7sqcjjzql2u
2025-11-05 20:19:43,404 - key_recovery - INFO - Attempting key recovery for address: tb1qzjce5zw7j3ugd0hvcfkm4j4y5ly7sqcjjzql2u
2025-11-05 20:19:43,404 - key_recovery - INFO - Priority score: 35.00
2025-11-05 20:19:43,404 - prng_reconstructor - INFO - Starting parallel seed reconstruction for tb1qzjce5zw7j3ugd0hvcfkm4j4y5ly7sqcjjzql2u
2025-11-05 20:19:43,404 - prng_reconstructor - INFO - Seed space: 0 to 65,536 (6.553600e+04)
2025-11-05 20:19:43,404 - prng_reconstructor - INFO - Workers: 4
2025-11-05 20:21:42,517 - prng_reconstructor - INFO - Seed reconstruction failed: no match found in search space
2025-11-05 20:21:42,517 - key_recovery - WARNING - Key recovery failed for tb1qzjce5zw7j3ugd0hvcfkm4j4y5ly7sqcjjzql2u: no seed found
2025-11-05 20:21:42,535 - key_recovery - INFO - Batch recovery complete: 0 keys recovered
2025-11-05 20:21:42,571 - __main__ - INFO - Key recovery complete: 0 keys recovered
2025-11-05 20:21:42,831 - __main__ - INFO - 
======================================================================
2025-11-05 20:21:42,831 - __main__ - INFO - STAGE 5: REPORT GENERATION
2025-11-05 20:21:42,831 - __main__ - INFO - ======================================================================
2025-11-05 20:21:42,832 - __main__ - INFO - Generating reports...
2025-11-05 20:21:42,873 - logger - INFO - Generating evidence report
2025-11-05 20:21:43,274 - logger - INFO - Evidence report generated: ./results\weak_key_evidence_20251105_202142.json
2025-11-05 20:21:43,285 - logger - INFO - Summary report generated: ./results\scan_summary_20251105_202143.txt
2025-11-05 20:21:43,285 - __main__ - INFO - Reports generated:
2025-11-05 20:21:43,285 - __main__ - INFO -   Evidence: ./results\weak_key_evidence_20251105_202142.json
2025-11-05 20:21:43,285 - __main__ - INFO -   Summary:  ./results\scan_summary_20251105_202143.txt
2025-11-05 20:21:43,351 - __main__ - INFO - Checkpoint saved: ./checkpoint.json
2025-11-05 20:21:43,352 - logger - INFO - {"timestamp": "2025-11-05T20:21:43.352016", "event_type": "checkpoint_saved", "data": {"addresses_processed": 100, "weak_found": 100}}
2025-11-05 20:21:43,352 - __main__ - INFO - 
======================================================================
2025-11-05 20:21:43,352 - __main__ - INFO - SCAN COMPLETE
2025-11-05 20:21:43,352 - __main__ - INFO - ======================================================================
2025-11-05 20:21:43,352 - __main__ - INFO - Duration: 11865.51 seconds (197.76 minutes)
2025-11-05 20:21:43,352 - __main__ - INFO - Addresses analyzed: 100
2025-11-05 20:21:43,352 - __main__ - INFO - Weak addresses: 100
2025-11-05 20:21:43,352 - __main__ - INFO - Patterns detected: 10
2025-11-05 20:21:43,352 - __main__ - INFO - Keys recovered: 0
